President,"OU=Executive,OU=President,",Feng,Pan,fpan,silkiest,Edward,Thompson,ethompson,pixiness,Caresse,Tetrault,ctetrault,moorhens,Diana,Fink,dfink,jiujitsus,Ichiho,Arata,iarata,crannoges,Ubaldo,Dellucci,cconti,qubytes,Dmitry,Yermolayev,dyermolayev,indusia,Carlo,Munguia,cmunguia,premiums
Minister of Intelligence,"OU=Executive,OU=Minister,",Zi,Kao,zkao,isocyclic,Zoe,Lynch,zlynch,untucking,Zerbino,Miron,zmiron,shticks,Yvonne,Schmitt,yschmitt,shakoes,Yuzuru,Kumatani,ykumatani,anatomic,Valentina,Genovesi,vonio,giveback,Zossima,Isayev,zisayev,otology,Zulima,Zavala,zzavala,broiling
Minister of Telecommunications,"OU=Executive,OU=Minister,",Chi,Hao,chao,loanable,Ben,Kemp,bkemp,stooking,Aubrey,Lemieux,alemieux,limping,Barbara,Schreiner,bschreiner,medianly,Fumihiko,Tsuruta,ftsuruta,suffering,Massimo,Bergamaschi,aloggia,safaried,Bogdan,Ibrahimov,bibrahimov,pentosans,Anisia,Juarez,ajuarez,homeopath
Minister of Robotics,"OU=Executive,OU=Minister,",Xue,Shen,xshen,assuager,Sebastian,Lawson,slawson,tiredly,Sidney,Methot,smethot,aldolase,Stephanie,Durr,sdurr,diacritic,Ukita,Hayashida,uhayashida,roomiest,Giulio,Barese,slongo,strobilus,Timothy,Baranov,tbaranov,alkynes,Solana,Sevilla,ssevilla,wielders
Minister of Energy,"OU=Executive,OU=Minister,",Yuan,Pai,ypai,nunchakus,Victoria,Wyatt,vwyatt,raftered,Veronique,Lang,vlang,crasser,Ulrich,Propst,upropst,basilic,Yuiha,Tanba,ytanba,stageful,Franca,Siciliani,vfallaci,arabesque,Xenophon,Vassiliev,xvassiliev,reticent,Xena,Abrego,xabrego,cytokinin
Minister of Artificial Intelligence,"OU=Executive,OU=Minister,",Zhu,Ting,zting,clatter,Zara,Walsh,zwalsh,scarphed,Zara,Pitre,zpitre,inflamed,Wolfgang,Bosch,wbosch,deltoid,Yuusei,Iwata,yiwata,chalones,Romolo,Longo,vpanicucci,wauking,Zara,Gerasimova,zgerasimova,disguised,Zaqueo,Montero,zmontero,fatally
Minister of Hydroponics,"OU=Executive,OU=Minister,",Park,Ho,pho,ambivert,Lilly,Morton,lmorton,plighting,Lowell,Edouard,ledouard,parlance,Marcel,Koch,mkoch,bibberies,Noko,Oota,noota,seafood,Licia,Ferri,lmanfrin,gingivae,Lydia,Yefimova,lyefimova,minilabs,Jordana,Samaniego,jsamaniego,enswathe
Chief of IT,"OU=IT,OU=Chief,",Bao,Wei,bwei,diastases,Aidan,Lawrence,alawrence,moodier,Alexandrin,Avare,aavare,tuberoses,Angelika,Mahler,amahler,outdoor,Asumi,Koku,akoku,smuttiest,Ambretta,Cocci,apisani,millpond,Alexander,Bogdanov,abogdanov,explanted,Agatha,Gamez,agamez,diurons
IT Staff,"OU=IT,OU=Staff,",Cheng,Kung,ckung,canulate,Ava,Gardiner,agardiner,academy,Artus,Tanguay,atanguay,armorers,Antje,Zimmerman,azimmerman,heatable,Fujiko,Gouhara,fgouhara,clashers,Quintilio,Ricci,agenovesi,equities,Blasius,Nevzorov,bnevzorov,flinthead,Ania,Guillen,aguillen,scrannels
IT Staff,"OU=IT,OU=Staff,",Cong,Hsiao,chsiao,rhodiums,Callum,Bailey,cbailey,enjoining,Barry,Bisson,bbisson,brassicas,Birgit,Fuchs,bfuchs,sternpost,Hakuba,Kochi,hkochi,plashed,Luce,Milani,bricci,shielder,Capitolina,Yegorova,cyegorova,concealer,Arnulfo,Cotto,acotto,amplifier
IT Staff,"OU=IT,OU=Staff,",Mulan,Kang,mkang,iodinate,Kyle,Foster,kfoster,parflesh,Juliette,Petit,jpetit,shelvings,Lukas,Baer,lbaer,dethrone,Nako,Honma,nhonma,rhumbas,Gaspare,Lettiere,icalabrese,outcrowds,Leonti,Kapustin,lkapustin,telepathy,Isidora,Burgos,iburgos,headfuls
IT Staff,"OU=IT,OU=Staff,",Rong,Lu,rlu,estovers,Matthew,Talbot,mtalbot,retroact,Melville,Boutot,mboutot,spaldeen,Matthias,Schulze,mschulze,heptagons,Saika,Inagaki,sinagaki,parsers,Ladislao,LiFonti,msal,midbrain,Nahum,Voronov,nvoronov,medicines,Llanos,Aponte,laponte,oestrins
IT Staff,"OU=IT,OU=Staff,",Bi,Hsia,bhsia,humoured,Aimee,Ashton,aashton,pillager,Alexis,Berard,aberard,scrapers,Angelika,Maur,amaur,mulling,Asuya,Numata,anumata,massively,Raul,Dellucci,amilanesi,laborious,Alexander,Lebedeva,alebedeva,workloads,Agnelo,Balderas,abalderas,brutalize
IT Staff,"OU=IT,OU=Staff,",Qing,Mai,qmai,gambols,Madeleine,Cooper,mcooper,gyrally,Marshall,Perreault,mperreault,chazzans,Martina,Baumgaertner,mbaumgaertner,zizzled,Ryuusuke,Tawara,rtawara,atoners,Petronilla,Giordano,lmarino,slanged,Milena,Kulikova,mkulikova,barbecue,Leonela,Griego,lgriego,dingeys
IT Staff,"OU=IT,OU=Staff,",Xiong,Ni,xni,stableboy,Ryan,Read,rread,disbranch,Rive,Lafreniere,rlafreniere,barriers,Sophie,Baier,sbaier,luxations,Tooru,Aoyama,taoyama,emigrated,Delfio,Fanucci,rromani,clamored,Sviatoslav,Zuev,szuev,federal,Renaldo,Barreto,rbarreto,ashfalls
IT Staff,"OU=IT,OU=Staff,",Chan,Pan,cpan,lifelike,Alicia,Phillips,aphillips,sleepless,Apolline,StPierre,astpierre,poohing,Anna,Kastner,akastner,monopods,Chikao,Agano,cagano,monoacids,Olindo,Genovesi,acocci,raffled,Antonina,Pokrovskaya,apokrovskaya,blondness,Amadeo,Lucero,alucero,rebeldoms
IT Staff,"OU=IT,OU=Staff,",Fen,Kung,fkung,swimmable,Danielle,Pope,dpope,rhapsodes,Bruce,Louineaux,blouineaux,almanacks,Daniela,Eichmann,deichmann,panically,Hisako,Takuda,htakuda,pistareen,Guido,Rizzo,cmoretti,citreous,David,Maslow,dmaslow,trining,Brendano,Montano,bmontano,druthers
IT Staff,"OU=IT,OU=Staff,",Tao,Meng,tmeng,reinked,Niamh,Lee,nlee,ethograms,Parfait,Lavoie,plavoie,ardours,Phillipp,Hueber,phueber,roofers,Sunao,Andou,sandou,cupeled,Adelinda,Pagnotto,odellucci,doblons,Renata,Kryukova,rkryukova,berates,Nicanor,Camarillo,ncamarillo,sageness
IT Staff,"OU=IT,OU=Staff,",Chung,Li,cli,quintiles,Bradley,Webb,bwebb,violaters,Aurore,Ruest,aruest,telphered,Benjamin,Wagner,bwagner,airboat,Gen,Sumita,gsumita,blather,Fedro,Moretti,aconti,kilobars,Bulat,Fokine,bfokine,rebated,Ares,Galindo,agalindo,bearskin
IT Staff,"OU=IT,OU=Staff,",Lian,Tseng,ltseng,passaging,Joel,Read,jread,unstated,Grosvenor,Genereux,ggenereux,wildfowl,Kristin,Sanger,ksanger,cathouse,Masaru,Shirakawa,mshirakawa,bromelain,Affiano,Beneventi,gcocci,fellates,Jeanne,Efremova,jefremova,globosely,Grizel,Callas,gcallas,clicker
IT Staff,"OU=IT,OU=Staff,",Meng,Ma,mma,thiolic,Kieran,Robertson,krobertson,ferrels,Jules,Chandonnet,jchandonnet,mundungos,Luca,Vogt,lvogt,equalises,Momoka,Toiguchi,mtoiguchi,localize,Maia,Piccio,iconti,stickit,Leonid,Biryukov,lbiryukov,bousoukia,Ignacio,Zelaya,izelaya,feodary
IT Staff,"OU=IT,OU=Staff,",E,Chang,echang,verists,Daniel,Miles,dmiles,pulpital,Brier,Cadieux,bcadieux,exocarp,Claudia,Urner,curner,sportsman,Hiroyasu,Ochiai,hochiai,alkylates,Orlando,Marchesi,bzetticci,parasites,Daniel,Demidov,ddemidov,zaratites,Bibiano,Tapia,btapia,medullae
IT Staff,"OU=IT,OU=Staff,",Shi,Meng,smeng,mudslide,Mohammad,Payne,mpayne,coarsely,Nicole,Rochon,nrochon,ourebis,Nadine,Aachen,naachen,prebaked,Sei,Nishizawa,snishizawa,meantime,Liliana,Castiglione,mnapolitani,skiddiest,Oles,Bulgakov,obulgakov,mynheers,Marga,Nazario,mnazario,parasols
IT Staff,"OU=IT,OU=Staff,",Zhu,Hsia,zhsia,lucking,Zak,Jarvis,zjarvis,exfoliant,Yves,Meunier,ymeunier,palming,Vanessa,Schroeder,vschroeder,cajuput,Yurie,Kouno,ykouno,rectangle,Boris,Panicucci,vbaresi,troweled,Zahar,Pokrovsky,zpokrovsky,equalise,Zaba,Salinas,zsalinas,trichina
IT Staff,"OU=IT,OU=Staff,",Feng,Lo,flo,coalsack,Edward,Brady,ebrady,unhandily,Campbell,Barteaux,cbarteaux,camphols,Dennis,Kappel,dkappel,blousily,Hyouma,Oda,hoda,saponify,Ambrosia,LiFonti,czetticci,vigneron,Dinar,Rogova,drogova,tailwinds,Cannan,Guajardo,cguajardo,marketing
IT Staff,"OU=IT,OU=Staff,",Xian,Kuo,xkuo,downlands,Rhys,Reynolds,rreynolds,disarmed,Ray,Devoe,rdevoe,geologer,Sophia,Busch,sbusch,scampish,Tetsurou,Hazama,thazama,advisory,Susanna,Costa,rcolombo,swindled,Sophia,Yusupova,syusupova,allantoid,Rafaela,Jurado,rjurado,overtime
IT Staff,"OU=IT,OU=Staff,",Jian,Tsai,jtsai,chastity,Hannah,Houghton,hhoughton,finalised,Eleanor,Paiement,epaiement,eldrich,Jens,Farber,jfarber,lapidated,Kazuo,Takeda,ktakeda,overrich,Concetta,Cattaneo,esiciliano,dryland,Gayane,Ibragimova,gibragimova,deepness,Edilio,Leyva,eleyva,annoyer
Intelligence Deputy,"OU=Managerial,OU=Deputies,",Bao,Hou,bhou,impowered,Aidan,Browne,abrowne,aculeated,Alexandre,Arcouet,aarcouet,notturni,Angelika,Gersten,agersten,reevokes,Asaka,Endou,aendou,tapering,Fulvio,Zetticci,amarino,caracol,Alex,Kryukov,akryukov,fluidally,Afrodisio,Bernal,abernal,nervules
Intelligence Deputy,"OU=Managerial,OU=Deputies,",Yi,Han,yhan,handpick,Sophie,Farmer,sfarmer,snuffer,Tanguy,Parenteau,tparenteau,swindlers,Sven,Schneider,sschneider,servitude,Yaeko,Noda,ynoda,deionizes,Cassio,Castiglione,sbeneventi,remates,Ustinov,Chesnokova,uchesnokova,glaziness,Tarquino,arias,tarias,hobbler
Intelligence Officer,"OU=Employees,OU=Officers,OU=Intelligence,",An,Pan,apan,polycots,Aaron,Peacock,apeacock,electrics,Agrican,Petrie,apetrie,tenners,Andreas,Eggers,aeggers,addedly,Aoi,Konno,akonno,outhouse,Lucius,Capon,alombardi,fiercely,Alain,Belova,abelova,pulingly,Adeliz,Cabrera,acabrera,respects
Intelligence Officer,"OU=Employees,OU=Officers,OU=Intelligence,",Lan,Chen,lchen,juvenal,Isobel,Lawson,ilawson,hunnish,Felicien,Labossiere,flabossiere,drumming,Kathrin,Fleischer,kfleischer,petition,Koudai,Hirakawa,khirakawa,academics,Marianna,Cocci,fpanicucci,chatchka,Igor,Nevzorov,inevzorov,hamulus,Fara,Varela,fvarela,pirayas
Intelligence Officer,"OU=Employees,OU=Officers,OU=Intelligence,",Cheng,Hsueh,chsueh,nonaddict,Anthony,Parry,aparry,mutated,Arridano,Douffet,adouffet,nonusing,Antje,Grunewald,agrunewald,outsteers,Ema,Iwasaki,eiwasaki,sophistic,Isauro,Monaldo,amilano,regardant,Benjamin,Yusupov,byusupov,mullite,Angelo,Amador,aamador,backwards
Intelligence Officer,"OU=Employees,OU=Officers,OU=Intelligence,",Feng,Chin,fchin,phoneys,Dominic,Dodd,ddodd,newswomen,Cammile,Chandonnet,cchandonnet,cognition,David,Meyer,dmeyer,jinkers,Housei,Baba,hbaba,supposed,Edvige,DeLuca,carcuri,vestured,Dementi,Yegorov,dyegorov,discolors,Cameron,Padron,cpadron,attacked
Intelligence Officer,"OU=Employees,OU=Officers,OU=Intelligence,",Chyou,Cheng,ccheng,infringe,Brooke,Kent,bkent,squashier,Aymon,Leclair,aleclair,pantyhose,Bernd,Fiedler,bfiedler,biometric,Gouki,Katagiri,gkatagiri,locutory,Fedra,Lombardo,amoretti,terminus,Capitolina,Borodina,cborodina,squeamish,Aritofanes,Munguia,amunguia,racketing
Intelligence Officer,"OU=Employees,OU=Officers,OU=Intelligence,",Dong,Liao,dliao,launders,Daisy,Lynch,dlynch,nicotine,Blondelle,Coupart,bcoupart,chaplet,Christina,Duerr,cduerr,readier,Hikari,Seki,hseki,apposable,Frida,Mancini,bgiordano,scampered,Cyril,Biryukov,cbiryukov,patristic,Berenguer,Pabon,bpabon,allayed
Intelligence Officer,"OU=Employees,OU=Officers,OU=Intelligence,",Tao,Li,tli,sedative,Niamh,Jenkins,njenkins,unjamming,Parfait,Forest,pforest,exceeded,Phillipp,Baader,pbaader,quixotic,Shunya,Takisawa,stakisawa,putrefy,Bibiana,Marino,otrentini,linstock,Renata,Kotova,rkotova,huffish,Nicandro,Guajardo,nguajardo,amiably
Intelligence Officer,"OU=Employees,OU=Officers,OU=Intelligence,",Cui,Ko,cko,abnegates,Charlie,Brown,cbrown,stagging,Bellamy,Belair,bbelair,barranca,Brigitte,Gerber,bgerber,cliquish,Hanae,Noguchi,hnoguchi,botching,Jolanda,Gallo,bbeneventi,parleyed,Carolina,Ozerova,cozerova,subadult,Asael,Galarza,agalarza,berseems
Intelligence Officer,"OU=Employees,OU=Officers,OU=Intelligence,",E,She,eshe,dalesmen,Danielle,Davies,ddavies,cantdogs,Brigitte,Lemaitre,blemaitre,seedily,Daniel,Friedmann,dfriedmann,layerages,Hisae,Koyama,hkoyama,yarding,Franco,Greco,cdavide,pallets,Daria,Chesnokova,dchesnokova,coccous,Blasco,Salazar,bsalazar,prolate
Intelligence Officer,"OU=Employees,OU=Officers,OU=Intelligence,",Xian,Hsu,xhsu,chaliced,Rebecca,Quinn,rquinn,snuffly,Raoul,Souplet,rsouplet,oloroso,Sophia,Bach,sbach,finises,Tetsuo,Yoshioka,tyoshioka,quatres,Quintina,Padovano,rmazzi,hexamines,Sofia,Ponomaryova,sponomaryova,triennia,Quinta,Lopez,qlopez,heroinism
Intelligence Officer,"OU=Employees,OU=Officers,OU=Intelligence,",Kang,Hsing,khsing,rigours,Holly,Chadwick,hchadwick,bullrings,Fabien,Dagenais,fdagenais,vinasse,Karin,Hoch,khoch,flipflop,Kiyoaki,Andou,kandou,contusing,Luigina,Trevisan,fbergamaschi,apoplexy,Hope,Artemyeva,hartemyeva,governor,Ernesta,Ornelas,eornelas,cartelize
Intelligence Officer,"OU=Employees,OU=Officers,OU=Intelligence,",Gang,Hsueh,ghsueh,reenjoys,Elise,Sims,esims,dissever,Catherine,LHiver,clhiver,cantabile,Dirk,Hoffmann,dhoffmann,slimier,Ikuo,Kamuta,ikamuta,baiting,Enrica,Bianchi,cpirozzi,perorate,Dorofei,Borodin,dborodin,brunchers,Caterina,Collazo,ccollazo,uncloak
Intelligence Officer,"OU=Employees,OU=Officers,OU=Intelligence,",Lei,Hsu,lhsu,feluccas,Jasmine,Rogers,jrogers,regroomed,Gabrielle,Sacre,gsacre,jollifies,Kevin,Probst,kprobst,deodorize,Mae,Yoshioka,myoshioka,acreages,Beniamino,Bianchi,fmilani,caraculs,Isabella,Sergeyeva,isergeyeva,approves,Gala,Soliz,gsoliz,ephedra
Intelligence Officer,"OU=Employees,OU=Officers,OU=Intelligence,",Kang,Ko,kko,deducibly,Imogen,Dobson,idobson,fluxions,Faustin,Auger,fauger,niteries,Karin,Schwab,kschwab,forcible,Kiyori,Shiroi,kshiroi,goggling,Rufina,Cocci,fbeneventi,borderer,Hope,Kulikova,hkulikova,stomatous,Eustacio,Colon,ecolon,nonskeds
Intelligence Officer,"OU=Employees,OU=Officers,OU=Intelligence,",Lan,Yuan,lyuan,secondary,Jake,Woods,jwoods,solfeggi,France,Pouliotte,fpouliotte,olestra,Katja,Eisenberg,keisenberg,unsullied,Koushou,Koda,kkoda,cloques,Enrico,Lucchese,fromani,bilging,Ilona,Yegorova,iyegorova,miasmas,Frederic,Delgado,fdelgado,crunchy
Intelligence Officer,"OU=Employees,OU=Officers,OU=Intelligence,",On,Fang,ofang,dormitory,Leon,Watson,lwatson,doorsteps,Leala,Dupuis,ldupuis,leftover,Maik,Schulz,mschulz,choicer,Natsuyo,Shimizu,nshimizu,precavae,Agostina,Trevisani,jgallo,chopper,Lina,Borodina,lborodina,beanery,Joaquin,Menchaca,jmenchaca,yammered
Intelligence Officer,"OU=Employees,OU=Officers,OU=Intelligence,",Gang,Tien,gtien,exonerate,Ellie,Martin,emartin,refugium,Cendrillon,Bourgeau,cbourgeau,phasing,Doreen,Hueber,dhueber,bitewings,Ine,Taihei,itaihei,misaligns,Irma,Arcuri,cpalermo,resending,Edward,Zubarev,ezubarev,pawkiness,Celest,Herrera,cherrera,roothold
Intelligence Officer,"OU=Employees,OU=Officers,OU=Intelligence,",De,Chen,dchen,glucans,Charlotte,Norman,cnorman,pertain,Beltane,Gaillard,bgaillard,demijohns,Christian,Klein,cklein,preteen,Heisuke,Muramatsu,hmuramatsu,czardas,Gualtiero,Greece,brizzo,calamaris,Christopher,Yermakov,cyermakov,maintain,Aymara,Heredia,aheredia,lankness
Intelligence Officer,"OU=Employees,OU=Officers,OU=Intelligence,",Juan,She,jshe,combater,Harvey,Kay,hkay,hardcourt,Etienne,Cartier,ecartier,gleeman,Karin,Boehm,kboehm,flouncier,Kinji,Iwamoto,kiwamoto,culverins,Valentino,Romano,ecocci,redecide,Hella,Tikhonova,htikhonova,decentres,Enrico,Castillo,ecastillo,duchess
Intelligence Officer,"OU=Employees,OU=Officers,OU=Intelligence,",Lien,Wan,lwan,venular,Joseph,Alexander,jalexander,schmoos,Heloise,Flamand,hflamand,glowering,Leah,Busch,lbusch,formerly,Mayuki,Ookawa,mookawa,anteing,Guarino,Ferrari,gfanucci,shadoof,Julian,Golubev,jgolubev,rehoused,Hans,Ojeda,hojeda,bulletins
Intelligence Officer,"OU=Employees,OU=Officers,OU=Intelligence,",Bao,Chien,bchien,allergin,Abigail,Short,ashort,seriously,Alaine,Latourelle,alatourelle,dressily,Angelika,Abt,aabt,diadems,Arihiro,Yoshihara,ayoshihara,definer,Lilla,Sal,abruno,dungareed,Alevtina,Kornilova,akornilova,scullers,Adhemar,Escalante,aescalante,gunkhole
Intelligence Officer,"OU=Employees,OU=Officers,OU=Intelligence,",Lei,Yen,lyen,nothings,Jodie,Barnes,jbarnes,pupilary,Genevieve,Belair,gbelair,ingrafts,Klaudia,Reinhard,kreinhard,campout,Mamio,Nakatani,mnakatani,unrolling,Donata,Bellucci,ftrevisan,nonguilt,Jana,Lavrentyev,jlavrentyev,numbats,Gianna,Puga,gpuga,juddered
Intelligence Officer,"OU=Employees,OU=Officers,OU=Intelligence,",Lee,Chiang,lchiang,bookstall,Jamie,Carroll,jcarroll,pinniped,Francoise,Rouze,frouze,nonoral,Katja,Weber,kweber,aviation,Kurea,Kawamura,kkawamura,reechiest,Clementina,Onio,fsiciliani,smooshes,Irakli,Vagin,ivagin,purgings,Fulgencio,Candelaria,fcandelaria,humified
Intelligence Officer,"OU=Employees,OU=Officers,OU=Intelligence,",Qiong,Lai,qlai,bromeliad,Madison,McDonald,mmcdonald,acetoxyl,Martin,Godin,mgodin,archeries,Mathias,Beckenbauer,mbeckenbauer,adhesion,Sadaharu,Ozawa,sozawa,urinous,Rebecca,Monaldo,mpiccio,credenda,Moses,Alexeyeva,malexeyeva,slivering,Lioba,Hernandes,lhernandes,cuspids
Intelligence Officer,"OU=Employees,OU=Officers,OU=Intelligence,",On,He,ohe,thyroxins,Lewis,Manning,lmanning,frontally,Leroy,Quinn,lquinn,meristem,Manuela,Gruenewald,mgruenewald,emeerates,Nijiko,Hakui,nhakui,speeding,Ottavia,Sabbatini,jtrevisano,assuages,Lucia,Bogdanova,lbogdanova,flakiest,Johana,Caballero,jcaballero,reaching
Intelligence Officer,"OU=Employees,OU=Officers,OU=Intelligence,",Jin,Lin,jlin,winless,Harriet,Farrell,hfarrell,regardful,Emile,Archambault,earchambault,deaminate,Jessica,Mayer,jmayer,ingestion,Kenichi,Kato,kkato,nectarean,Baldovino,Sagese,emonaldo,houseful,Golden,Fokina,gfokina,marshes,Eloy,Naranjo,enaranjo,searobin
Intelligence Officer,"OU=Employees,OU=Officers,OU=Intelligence,",Tao,Tu,ttu,venomers,Nicholas,Lane,nlane,actresses,Parnella,Vadnais,pvadnais,earthly,Ralf,Beich,rbeich,cacodylic,Suzune,Ochiai,sochiai,rebutters,Oronzo,Piccio,opiccio,capacity,Rima,Artyomova,rartyomova,firstness,Nicomedes,Soria,nsoria,oreides
Intelligence Officer,"OU=Employees,OU=Officers,OU=Intelligence,",Yi,Kung,ykung,unaptness,Sophie,Metcalfe,smetcalfe,sweepiest,Tearlach,Mothe,tmothe,galbanums,Swen,Farber,sfarber,nonbooks,Yasuaki,Kimura,ykimura,concords,Calogero,Davide,scapon,lectures,Ustinov,Zotova,uzotova,sunburst,Teodora,Espinosa,tespinosa,tippytoe
Intelligence Officer,"OU=Employees,OU=Officers,OU=Intelligence,",Guo,Huang,ghuang,brevets,Erin,Brennan,ebrennan,imposting,Claude,Blondlot,cblondlot,mohelim,Felix,Ackerman,fackerman,lightless,Iyo,Konno,ikonno,moneymen,Simona,Loggia,cpisano,bacterium,Elena,Yevseyeva,eyevseyeva,totemic,Clarabella,Santiago,csantiago,impinger
Telecommunications Deputy,"OU=Managerial,OU=Deputies,",Hui,Tu,htu,buckskins,Georgina,Howell,ghowell,ballonet,Dorothee,Fecteau,dfecteau,behooved,Jana,Pfeffer,jpfeffer,paintier,Kazumi,Kohara,kkohara,premonish,Brigida,Milano,edeluca,chutzpahs,Galina,Agapova,gagapova,outsung,Dorian,Garibay,dgaribay,halving
Telecommunications Deputy,"OU=Managerial,OU=Deputies,",Manchu,Yin,myin,twofold,Katherine,Parry,kparry,overburnt,Jeoffroi,Lagrange,jlagrange,prandial,Leon,Lemann,llemann,reshaped,Mitsunobu,Nagashima,mnagashima,nebulose,Franco,Milani,ggreece,embalming,Lawrence,Averyanov,laveryanov,woodblock,Iair,Leon,ileon,fluidise
Telecommunications Officer,"OU=Employees,OU=Officers,OU=Telecommunications,",Xia,Cheng,xcheng,rustles,Rachel,Brady,rbrady,subclan,Rabican,Desjardins,rdesjardins,clockwork,Sebastian,Faber,sfaber,kittling,Tatsuki,Hoshino,thoshino,nondances,Martina,Lombardi,qsiciliani,reveres,Simon,Gavrilov,sgavrilov,greegree,Peregrino,Vigil,pvigil,niftiness
Telecommunications Officer,"OU=Employees,OU=Officers,OU=Telecommunications,",Shen,Tao,stao,aragonite,Michael,Burke,mburke,unposed,Monique,Deschamps,mdeschamps,jaundices,Michelle,Krueger,mkrueger,saltiness,Satomi,Hayashida,shayashida,partaken,Innocenzo,Pugliesi,mfolliero,natatoria,Nona,Kirillova,nkirillova,maxillae,Manque,Colon,mcolon,dossils
Telecommunications Officer,"OU=Employees,OU=Officers,OU=Telecommunications,",Yong,Fan,yfan,fortunate,Thomas,Fitzgerald,tfitzgerald,empanels,Travers,Benjamin,tbenjamin,bonhomie,Thorsten,Mahler,tmahler,sudsing,Yawara,Sekine,ysekine,commando,Marino,Arcuri,udellucci,bayonets,Veronica,Tychonoff,vtychonoff,baggages,Veronica,Barragan,vbarragan,cyphered
Telecommunications Officer,"OU=Employees,OU=Officers,OU=Telecommunications,",De,Feng,dfeng,optical,Chelsea,Duncan,cduncan,eagling,Benjamin,Boucher,bboucher,mihrabs,Christin,Beike,cbeike,caprioles,Hidefumi,Matsusaki,hmatsusaki,guiding,Tranquillina,Lucchesi,barcuri,platelike,Clara,Yuryeva,cyuryeva,untruest,Azanias,Palomo,apalomo,reviolate
Telecommunications Officer,"OU=Employees,OU=Officers,OU=Telecommunications,",Lei,Feng,lfeng,blasting,Jasmine,Hunt,jhunt,receiptor,Frederique,Houde,fhoude,inductile,Kerstin,Pfeiffer,kpfeiffer,parkettes,Kyuuya,Kondo,kkondo,liaises,Leonida,Monaldo,ftrevisani,dewatered,Isaac,Yegorov,iyegorov,postform,Gaby,Cavazos,gcavazos,wonkier
Telecommunications Officer,"OU=Employees,OU=Officers,OU=Telecommunications,",Ning,Yin,nyin,replanned,Leo,Warren,lwarren,vaginitis,Leala,Bois,lbois,footers,Maik,Muller,mmuller,desultory,Natsumi,Kashiwagi,nkashiwagi,grimmest,Blanda,Milani,imarchesi,allergist,Lima,Zakharova,lzakharova,preexist,Joann,Irizarry,jirizarry,hucksters
Telecommunications Officer,"OU=Employees,OU=Officers,OU=Telecommunications,",An,Yu,ayu,zaikais,Abby,McKenzie,amckenzie,cityscape,Alain,Chastain,achastain,outhits,Andreas,Neustadt,aneustadt,freezer,Aoto,Yasuda,ayasuda,cassettes,Leopoldo,Schiavone,arusso,carious,Alain,Vasilieva,avasilieva,rewarder,Adelmar,Gil,agil,infixed
Telecommunications Officer,"OU=Employees,OU=Officers,OU=Telecommunications,",Jie,Yao,jyao,youthen,Harley,Bell,hbell,peddles,Eleonore,Picard,epicard,cladisms,Jens,Schultz,jschultz,acetifier,Kazuya,Shimizu,kshimizu,overblown,Osvaldo,Milani,elucciano,symbions,George,Aksakov,gaksakov,quipster,Egle,Alaniz,ealaniz,gnomist
Telecommunications Officer,"OU=Employees,OU=Officers,OU=Telecommunications,",Bao,Chang,bchang,lampblack,Abigail,Mills,amills,harmattan,Alaine,Brisette,abrisette,chimlas,Andreas,Seiler,aseiler,identical,Arata,Ishikawa,aishikawa,lacerate,Elga,Fiorentino,abeneventi,inpouring,Albert,Pokrovskii,apokrovskii,lobeline,Adelmo,Lopez,alopez,verbiages
Telecommunications Officer,"OU=Employees,OU=Officers,OU=Telecommunications,",Bao,Feng,bfeng,sclerosed,Adam,Humphreys,ahumphreys,potsherds,Aleron,Harquin,aharquin,oratorio,Angelika,Gerber,agerber,kiddush,Asa,Oogusuku,aoogusuku,fullering,Cirillo,Fanucci,atrevisani,hungriest,Alevtina,Yermolayeva,ayermolayeva,symbiotic,Adriana,Herrera,aherrera,obviates
Telecommunications Officer,"OU=Employees,OU=Officers,OU=Telecommunications,",Xiu,Lai,xlai,indictor,Samuel,Dyer,sdyer,aspergill,Romain,Doyon,rdoyon,churches,Stefanie,Grunewald,sgrunewald,womanizes,Toshimi,Murai,tmurai,eurythmic,Roberto,Lombardo,rudinese,beholders,Tatiana,Aksakova,taksakova,sploshing,Rosamunda,Pulido,rpulido,secondi
Telecommunications Officer,"OU=Employees,OU=Officers,OU=Telecommunications,",Mei,Chang,mchang,ingrains,Kieran,Oliver,koliver,tablature,Joseph,Beaule,jbeaule,crapola,Luca,Schulze,lschulze,genetic,Mizuto,Oyama,moyama,moderator,Sebastiano,Monaldo,itrevisani,salivas,Leon,Maslow,lmaslow,auguries,Ignacio,Villagomez,ivillagomez,recyclers
Telecommunications Officer,"OU=Employees,OU=Officers,OU=Telecommunications,",Sun,Tang,stang,ecofreak,Morgan,Stanley,mstanley,mummified,Orlene,Marcheterre,omarcheterre,attaining,Paul,Kuhn,pkuhn,coexist,Shinshou,Fujihara,sfujihara,windless,Nunzio,Nucci,nboni,favorable,Polycarp,Sozonov,psozonov,peptizer,Miki,Mares,mmares,exactness
Telecommunications Officer,"OU=Employees,OU=Officers,OU=Telecommunications,",Lien,Tsou,ltsou,redcoats,Jordan,Brennan,jbrennan,kundalini,Harriette,Coudert,hcoudert,snideness,Lea,Kortig,lkortig,anurias,Mayuki,Matsuda,mmatsuda,polyurias,Lucilla,Buccho,gpugliesi,control,Julian,Fedorov,jfedorov,teenager,Guzman,Linares,glinares,dynamism
Telecommunications Officer,"OU=Employees,OU=Officers,OU=Telecommunications,",E,Hsiung,ehsiung,impletion,Daniel,Randall,drandall,nondrying,Brigitte,Bois,bbois,fevered,Daniel,Eisenhauer,deisenhauer,nephrites,Hiroyuki,Yamazaki,hyamazaki,gauming,Gildo,Schiavone,cpagnotto,policies,Daniel,Sozonov,dsozonov,pursily,Blanca,Ramon,bramon,phocine
Telecommunications Officer,"OU=Employees,OU=Officers,OU=Telecommunications,",Fen,Tan,ftan,vaporised,Declan,Hammond,dhammond,teahouses,Calandre,Lamothe,clamothe,suffers,Daniela,Herz,dherz,georgic,Hisayo,Iguchi,higuchi,bicycled,Candido,Trentino,ctoscani,wafflers,Dean,Ulyanova,dulyanova,arointed,Brunella,Ojeda,bojeda,dorbugs
Telecommunications Officer,"OU=Employees,OU=Officers,OU=Telecommunications,",Zhi,Yang,zyang,trampiest,Zachary,Campbell,zcampbell,extubated,Vivienne,Blais,vblais,aneroid,Vanessa,Mueller,vmueller,wenched,Yukino,Ueda,yueda,beaming,Jolanda,Panicucci,vudinese,moorcock,Yuri,Zuev,yzuev,bioethic,Yuri,Lucio,ylucio,venenate
Telecommunications Officer,"OU=Employees,OU=Officers,OU=Telecommunications,",Kong,Ho,kho,terrorist,Isabella,Arnold,iarnold,stilliest,Fayette,Berthelette,fberthelette,tiresome,Katharina,Lehmann,klehmann,crisphead,Kotoe,Ishida,kishida,arointed,Ileana,Padovesi,fmoretti,gradable,Ida,Glebova,iglebova,employees,Fabio,Garay,fgaray,stylebook
Telecommunications Officer,"OU=Employees,OU=Officers,OU=Telecommunications,",Ai,Ke,ake,loanable,Aaliyah,Crawford,acrawford,solemnity,Adele,Garnier,agarnier,downsize,Alexander,Grunwald,agrunwald,barraged,Aito,Masuda,amasuda,bowsprit,Flaviano,Lucciano,alorenzo,beclothe,Agnes,Ozerova,aozerova,pilonidal,Abbot,Rosales,arosales,beardless
Telecommunications Officer,"OU=Employees,OU=Officers,OU=Telecommunications,",Chen,Tien,ctien,conquerer,Andrew,Stevenson,astevenson,invests,Arnou,Dodier,adodier,caryatids,Annett,Schweitzer,aschweitzer,automate,Eisei,Muramatsu,emuramatsu,kayaker,Michela,Giordano,atoscani,bomblets,Benjamin,Fedorov,bfedorov,reschools,Anaxagoras,Zaragoza,azaragoza,scrutiny
Telecommunications Officer,"OU=Employees,OU=Officers,OU=Telecommunications,",Dong,Mao,dmao,bilkers,Daniel,Jackson,djackson,subacidly,Brie,Jette,bjette,virilocal,Christina,Schmid,cschmid,prelacy,Hiromu,Miyata,hmiyata,coatees,Mauro,Folliero,bpanicucci,erethisms,Cyrus,Kharlamova,ckharlamova,precoded,Bernardita,Ochoa,bochoa,toasting
Telecommunications Officer,"OU=Employees,OU=Officers,OU=Telecommunications,",Shaiming,Tseng,stseng,drippier,Megan,Ferguson,mferguson,swasticas,Methena,Miron,mmiron,almandite,Melanie,Beyer,mbeyer,breeders,Sanami,Hosokawa,shosokawa,octopodan,Luciana,Fiorentino,mlombardi,limelight,Nazar,Alexeyeva,nalexeyeva,steinbok,Lourdes,Cadena,lcadena,redipped
Telecommunications Officer,"OU=Employees,OU=Officers,OU=Telecommunications,",Lei,Tsai,ltsai,dedicator,Jessica,Marsden,jmarsden,swooshes,Genevieve,Avare,gavare,bulkhead,Klaudia,Kaufmann,kkaufmann,untipped,Mako,Kamimura,mkamimura,blockage,Gualtiero,Zito,ffiorentini,outguess,Isolde,Ibragimova,iibragimova,caravans,Gianfranco,Griego,ggriego,newness
Telecommunications Officer,"OU=Employees,OU=Officers,OU=Telecommunications,",Wang,Chao,wchao,takeoffs,Noah,Naylor,nnaylor,soymilk,Patience,Deniger,pdeniger,quackism,Ralf,Blau,rblau,dewberry,Tadashi,Takashima,ttakashima,calcspars,Eugenio,Bruno,opiazza,niobium,Rima,Kozlova,rkozlova,sundials,Noreia,Negrete,nnegrete,standpat
Telecommunications Officer,"OU=Employees,OU=Officers,OU=Telecommunications,",Xiu,Tao,xtao,smarties,Sarah,Hammond,shammond,guanosine,Rosemarie,Coulombe,rcoulombe,soddening,Stefanie,Lang,slang,triadics,Touta,Amano,tamano,quirting,Selene,Fanucci,rsiciliani,localize,Tatiana,Ozerova,tozerova,zoogloeal,Rosicler,Villanueva,rvillanueva,updating
Telecommunications Officer,"OU=Employees,OU=Officers,OU=Telecommunications,",Lei,Shih,lshih,tamarin,Jennifer,Hope,jhope,semolina,Gemma,Pelchat,gpelchat,droopily,Klaudia,Biermann,kbiermann,coiffures,Mai,Hatakenaka,mhatakenaka,verandas,Ivan,Cremonesi,fmancini,carpeted,Isolde,Efremova,iefremova,amphigory,Geordie,Marroquin,gmarroquin,phytotron
Telecommunications Officer,"OU=Employees,OU=Officers,OU=Telecommunications,",Fen,Tao,ftao,spendable,Declan,Hicks,dhicks,prosaists,Calandre,Paulet,cpaulet,brevities,Daniela,Kastner,dkastner,eluviated,Hitoshi,Ishii,hishii,warmups,Luisella,Toscani,ccosta,waterways,Dementi,Ignatieff,dignatieff,harvest,Caliope,Gaitan,cgaitan,bacchic
Telecommunications Officer,"OU=Employees,OU=Officers,OU=Telecommunications,",Kong,Pan,kpan,predefine,Isabelle,Jennings,ijennings,unflyable,Fayette,Moreau,fmoreau,ledgiest,Katharina,Waechter,kwaechter,giddier,Kotono,Shibutani,kshibutani,brumbies,Siro,Marchesi,fpalerma,treddled,Ida,Tychonoff,itychonoff,adjudges,Fabiola,Baeza,fbaeza,banterers
Telecommunications Officer,"OU=Employees,OU=Officers,OU=Telecommunications,",Xia,Fang,xfang,unplaits,Rachel,Turnbull,rturnbull,capeskin,Raoul,Aucoin,raucoin,nonhunter,Silke,Schafer,sschafer,secondes,Tatsuo,Nishimura,tnishimura,protended,Giuditta,Mazzanti,qbaresi,revamping,Simon,Kovalev,skovalev,reposeful,Querubina,Oquendo,qoquendo,nougats
Telecommunications Officer,"OU=Employees,OU=Officers,OU=Telecommunications,",Zi,Jen,zjen,dubious,Zoe,Harper,zharper,goutiness,Zerbino,Gaudreau,zgaudreau,yawners,Yvonne,Burger,yburger,shakers,Yuzuki,Ooshima,yooshima,camping,Armida,Milani,vlombardo,eighteen,Zossima,Fomin,zfomin,remedies,Zoe,Adomo,zadomo,pollacks
Human Resources Head,"OU=Managerial,OU=Heads,",Fen,Jen,fjen,bassinets,Danielle,Murphy,dmurphy,distemper,Bruce,Beauchamps,bbeauchamps,strigose,Daniel,Kruger,dkruger,damaging,Hisako,Fujiwara,hfujiwara,integrity,Lelia,Toscano,cpalerma,interim,David,Maslov,dmaslov,thrower,Bowie,Rodriguez,brodriguez,supplier
Human Resources Head,"OU=Managerial,OU=Heads,",Gang,Niu,gniu,hiccough,Elizabeth,Briggs,ebriggs,requiring,Cecile,Cotuand,ccotuand,whirlpool,Dominik,Finkel,dfinkel,exception,Ine,Kanno,ikanno,terraria,Rosarmosario,Sabbatini,cfanucci,cognizers,Edith,Konovalova,ekonovalova,reluctant,Ceadas,Griego,cgriego,nombril
Human Resources Representative,"OU=Employees,OU=HumanResources,",Jin,Tan,jtan,adoptable,Harry,Andrews,handrews,daidzeins,Emilie,Chaussee,echaussee,prebuild,Johanna,Furst,jfurst,billiards,Kenma,Kishi,kkishi,terbias,Umberto,Napolitano,epinto,booster,Gore,Abramovich,gabramovich,drubbing,Elvisa,Botello,ebotello,libelling
Human Resources Representative,"OU=Employees,OU=HumanResources,",Kong,Lei,klei,reechier,Isabella,Saunders,isaunders,octameter,Fayette,Garcia,fgarcia,fayalites,Katharina,Roth,kroth,gangliest,Kotoe,Oosaki,koosaki,areaways,Adalberta,Monaldo,fgiordano,mandrakes,Ida,Tikhonova,itikhonova,birdfeeds,Fabio,Ulibarri,fulibarri,alfaqui
Human Resources Representative,"OU=Employees,OU=HumanResources,",Wei,Chung,wchung,worshiped,Oscar,Whittaker,owhittaker,idolisers,Percy,Benjamin,pbenjamin,coelomic,Sabrina,Kuester,skuester,brushless,Takamasa,Kobayashi,tkobayashi,solanos,Amaranto,Baresi,pbuccho,novelizes,Ruslana,Kirillova,rkirillova,jimjams,Orion,Ozuna,oozuna,spindlers
Human Resources Representative,"OU=Employees,OU=HumanResources,",Gang,Wang,gwang,salving,Ellie,Newton,enewton,issuing,Chandler,Dodier,cdodier,ninepin,Doreen,Koehler,dkoehler,histing,Iori,Matsumoto,imatsumoto,torrider,Cassandra,Fiorentini,cnapolitani,decanters,Efimiya,Kruglova,ekruglova,demantoid,Cencio,Arguello,carguello,ruckles
Human Resources Representative,"OU=Employees,OU=HumanResources,",Ho,Tai,htai,reinfuse,Faith,Yates,fyates,nonegos,Daniel,Mazuret,dmazuret,clonidine,Frank,Mayer,fmayer,vagabond,Kaihei,Taguchi,ktaguchi,becquerel,Riccardo,Folliero,dtrentini,ordinate,Eupraxia,Lavrova,elavrova,cyclist,Cunibaldo,Mejia,cmejia,coverlets
Human Resources Representative,"OU=Employees,OU=HumanResources,",Manchu,Chien,mchien,diapason,Katherine,Booth,kbooth,twiddle,Javier,Pelland,jpelland,remissly,Leon,Freud,lfreud,presagers,Mitsuhiro,Niiya,mniiya,kimchees,Caterina,Conti,gfolliero,thermels,Larisa,Abakumova,labakumova,dichasium,Hugolino,Pacheco,hpacheco,inanition
Human Resources Representative,"OU=Employees,OU=HumanResources,",Na,Feng,nfeng,rhizopod,Leah,Cole,lcole,subunits,Landers,Lejeune,llejeune,replaced,Lukas,Peters,lpeters,quotable,Narue,Suga,nsuga,takeable,Delfio,Trentini,iangelo,gigglers,Leopold,Ponomarev,lponomarev,beatific,Ivon,Navarro,inavarro,karstic
Human Resources Representative,"OU=Employees,OU=HumanResources,",De,Mai,dmai,abraded,Chelsea,Hicks,chicks,rosewoods,Benjamin,Gilbert,bgilbert,quippier,Christin,Fassbinder,cfassbinder,heroicize,Hideharu,Ishibashi,hishibashi,scrambler,Pupa,Fanucci,bgreco,candida,Cleopatra,Andreyeva,candreyeva,corrected,Azrael,Mena,amena,spacial
Human Resources Representative,"OU=Employees,OU=HumanResources,",Chen,Tai,ctai,recycler,Amy,Scott,ascott,landlords,Arnaud,Royer,aroyer,torchiere,Annett,Klein,aklein,kalimbas,Eimi,Yamazaki,eyamazaki,withiest,Batilda,Baresi,abianchi,hispanism,Bella,Alexeyeva,balexeyeva,lobectomy,Anais,Rivas,arivas,boodler
Human Resources Representative,"OU=Employees,OU=HumanResources,",Lian,Hou,lhou,demonize,Joe,Lee,jlee,ribosome,Gill,Ouellet,gouellet,detrains,Kristian,Wagner,kwagner,ninnyish,Masahiko,Tomita,mtomita,portfolio,Crispino,Pisani,glettiere,classics,Jaromir,Efimov,jefimov,featured,Gisella,Corona,gcorona,grossest
Human Resources Representative,"OU=Employees,OU=HumanResources,",Heng,Chiu,hchiu,banjaxes,Ethan,Scott,escott,bespangle,Colette,Charbonneau,ccharbonneau,croupes,Felix,Hertz,fhertz,alienor,Jouji,Yagawa,jyagawa,hatable,Diamante,Marchesi,cpisani,capable,Emma,Vorobyova,evorobyova,clubhauls,Clodovea,Quintanilla,cquintanilla,calendric
Human Resources Representative,"OU=Employees,OU=HumanResources,",Gang,Fang,gfang,kanteles,Elise,Jennings,ejennings,squegged,Catherine,Faucher,cfaucher,plushiest,Dieter,Glockner,dglockner,playoffs,Ikuma,Yanagisawa,iyanagisawa,beatings,Eufrosina,Zito,cloduca,armchairs,Dominique,Yermakov,dyermakov,anything,Cataldo,Delgadillo,cdelgadillo,english
Human Resources Representative,"OU=Employees,OU=HumanResources,",Park,Kang,pkang,blouson,Logan,Akhtar,lakhtar,pinocle,Loyal,Collin,lcollin,condores,Marcel,Schiffer,mschiffer,micelle,Rena,Oomura,roomura,attrite,Adelmio,Bellucci,lnucci,unbolted,Makar,Izmaylov,mizmaylov,dweebiest,Joscio,Fernandez,jfernandez,maximal
Human Resources Representative,"OU=Employees,OU=HumanResources,",Dai,Lu,dlu,pocketers,Charlie,Rhodes,crhodes,backbeat,Belle,Meilleur,bmeilleur,prenatal,Christian,Baum,cbaum,khakilike,Hatsuna,Nozawa,hnozawa,gavages,Nora,Pagnotto,btrevisani,medieval,Chariton,Kruglov,ckruglov,armouring,Augusto,Montanez,amontanez,panelized
Human Resources Representative,"OU=Employees,OU=HumanResources,",Wang,Fu,wfu,telepath,Oliver,Patterson,opatterson,eyeblinks,Pauline,Saurel,psaurel,baldheads,Rene,Kluge,rkluge,uncouthly,Takafumi,Ishida,tishida,bogarts,Ildebrando,Esposito,ocastiglione,emeralds,Roman,Lavrentiev,rlavrentiev,unshells,Odoacro,Casares,ocasares,tubenose
Human Resources Representative,"OU=Employees,OU=HumanResources,",Ni,Meng,nmeng,surbase,Leah,ONeill,loneill,sternal,Laurette,Vincent,lvincent,daikered,Lukas,Ritter,lritter,jezebel,Natsu,Takisawa,ntakisawa,deploring,Albertino,Endrizzi,icremonesi,amatively,Lily,Bobrova,lbobrova,curtailer,Jamila,Tafoya,jtafoya,falderals
Human Resources Representative,"OU=Employees,OU=HumanResources,",Wang,Chiang,wchiang,obliquely,Oliver,Ahmed,oahmed,inversing,Patrice,Beaule,pbeaule,booster,Ralph,Jung,rjung,hypnotist,Taeko,Koku,tkoku,spearmint,Michela,Manfrin,omilani,proximate,Rinat,Shubin,rshubin,retaped,Norman,Almaraz,nalmaraz,ruggers
Human Resources Representative,"OU=Employees,OU=HumanResources,",Dong,Pai,dpai,wifehood,Daniel,Leach,dleach,gammoner,Brie,Lagueux,blagueux,burthened,Christine,Pfaff,cpfaff,revokable,Hiroto,Chouno,hchouno,arracks,Cristiano,Esposito,btoscano,libelled,Daniel,Azarov,dazarov,tabbying,Bibiano,Camarillo,bcamarillo,dobbers
Human Resources Representative,"OU=Employees,OU=HumanResources,",Ju,Feng,jfeng,meister,Harry,Stevenson,hstevenson,carpools,Esmeraude,Poulin,epoulin,bewailing,Juliane,Hahn,jhahn,subtilin,Kimiyo,Maekawa,kmaekawa,nitrifies,Venera,Endrizzi,elucchese,classwork,Gore,Komarov,gkomarov,impellors,Ena,Banda,ebanda,duikers
Human Resources Representative,"OU=Employees,OU=HumanResources,",Tao,Hung,thung,carbides,Nathan,Fox,nfox,swerved,Paien,Roy,proy,dognaps,Petra,Schultheiss,pschultheiss,incidence,Shouko,Fujiwara,sfujiwara,portress,Manfredo,Castiglione,oderose,dicycly,Rafik,Volodin,rvolodin,prevalued,Natal,Patino,npatino,awkwarder
Human Resources Representative,"OU=Employees,OU=HumanResources,",Cai,Lu,clu,finisher,Alexander,Reeves,areeves,outrock,Amedee,Baril,abaril,commodore,Anke,Theissen,atheissen,wheezed,Chiharu,Yoshikawa,cyoshikawa,diagnosis,Edvige,Milani,alombardo,listens,Anfisa,Ulyanova,aulyanova,plaitings,Alfio,Matos,amatos,biocenose
Human Resources Representative,"OU=Employees,OU=HumanResources,",Tao,Chia,tchia,passband,Nathan,Barlow,nbarlow,thirtyish,Orville,Turgeon,oturgeon,amanita,Petra,Luft,pluft,sitzmarks,Shizuko,Takeuchi,stakeuchi,lallygag,Alfio,Pugliesi,osiciliano,tenderer,Rachel,Vinogradova,rvinogradova,fortunate,Namuncura,Ulloa,nulloa,mossiness
Human Resources Representative,"OU=Employees,OU=HumanResources,",Hu,Chao,hchao,buckrams,Finley,McKenzie,fmckenzie,marginate,Delmare,Querry,dquerry,orthodox,Gabriele,Lange,glange,holland,Kanayo,Sakata,ksakata,runrounds,Galileo,Udinesi,dlori,tesseract,Evelyn,Ulyanova,eulyanova,empyreal,Daisy,Vallejo,dvallejo,frowned
Human Resources Representative,"OU=Employees,OU=HumanResources,",Xiuxiu,Meng,xmeng,trumeau,Scarlett,Kerr,skerr,birthed,Rule,Charlesbois,rcharlesbois,umbilicus,Steffen,Dietrich,sdietrich,earthen,Tsuguka,Kai,tkai,pannikin,Fiore,Lorenzo,rsabbatini,sonorants,Thais,Kruglova,tkruglova,ecosystem,Salvino,Merino,smerino,unliving
Human Resources Representative,"OU=Employees,OU=HumanResources,",Hu,Ke,hke,scariness,Finley,Parkes,fparkes,colleting,Dexter,Beausoleil,dbeausoleil,polyamine,Gabriele,Wagner,gwagner,whammed,Kanon,Tanimoto,ktanimoto,caplins,Giuseppe,Marchesi,dlucchese,playpen,Fatima,Alexeeva,falexeeva,gripmen,Daniele,Ballesteros,dballesteros,qabalas
Human Resources Representative,"OU=Employees,OU=HumanResources,",Jian,Mao,jmao,woodlands,Gracie,Francis,gfrancis,enrolls,Eleanor,Moquin,emoquin,maddest,Jennifer,Meister,jmeister,painful,Kazuno,Kiyomizu,kkiyomizu,devested,Laura,Manfrin,epalerma,humanizer,Gayane,Aliyeva,galiyeva,impanel,Edelweiss,Sedillo,esedillo,corroded
Human Resources Representative,"OU=Employees,OU=HumanResources,",Shi,Sung,ssung,swindler,Mollie,Ball,mball,outboxing,Nicolette,Bousquet,nbousquet,yellowing,Nadine,Holtzmann,nholtzmann,gnawers,Seiya,Matsunaga,smatsunaga,duperies,Prudenzia,Schiavone,mgenovesi,surbase,Olympics,Ozerova,oozerova,trochoids,Marin,Haro,mharo,chillum
Human Resources Representative,"OU=Employees,OU=HumanResources,",De,Tsui,dtsui,kazachok,Connor,Poole,cpoole,involutes,Bertrand,Archambault,barchambault,zeitgeber,Christina,Abt,cabt,reimburse,Hideharu,Shinosaki,hshinosaki,radiancy,Veneranda,Barese,brossi,therapies,Constantine,Alekseeva,calekseeva,flaskets,Babs,Velasco,bvelasco,zippier
Human Resources Representative,"OU=Employees,OU=HumanResources,",Hui,Tien,htien,yperites,Georgia,Kirby,gkirby,teardowns,Dominic,Barjavel,dbarjavel,soldiered,Jana,Kuester,jkuester,ecocidal,Kazuaki,Yoshimura,kyoshimura,inability,Giuseppe,Marino,esiciliani,cocktail,Frida,Kapustina,fkapustina,peroneal,Dorcas,Ontiveros,dontiveros,eremites
Human Resources Representative,"OU=Employees,OU=HumanResources,",Ni,Chu,nchu,mainsheet,Leah,Middleton,lmiddleton,insistent,Latimer,Metivier,lmetivier,backslide,Lukas,Propst,lpropst,conversed,Natsu,Arakaki,narakaki,flailed,Adelchi,Lucciano,ifolliero,balminess,Lilith,Yershova,lyershova,pettled,Jairo,Perez,jperez,splashing
Human Resources Representative,"OU=Employees,OU=HumanResources,",Chi,Sung,csung,assents,Billy,Holden,bholden,riviere,Audrey,Ailleboust,aailleboust,interring,Benjamin,Frueh,bfrueh,densified,Fuyu,Narita,fnarita,rideable,Settimio,Toscano,atrevisan,secalose,Bozena,Alekseyeva,balekseyeva,unmuffled,Anquises,Navarrete,anavarrete,striding
Human Resources Representative,"OU=Employees,OU=HumanResources,",Lok,Kang,lkang,demarked,Kai,Barker,kbarker,xylophone,Jacques,Leduc,jleduc,odorful,Lena,Gottlieb,lgottlieb,drawerful,Mie,Araki,maraki,completed,Dora,Barese,glorenzo,coalpit,Karina,Sorokina,ksorokina,botanizes,Homero,Roque,hroque,caconyms
Human Resources Representative,"OU=Employees,OU=HumanResources,",Xiaoming,Wan,xwan,redamaged,Rosie,Kay,rkay,cravened,Rene,Riel,rriel,bejabbers,Sophia,Traugott,straugott,canulae,Tomoka,Sakata,tsakata,mottles,Rosa,Udinese,rpalerma,glissando,Stepan,Bulgakov,sbulgakov,embitters,Ray,Velasco,rvelasco,carotidal
Human Resources Representative,"OU=Employees,OU=HumanResources,",Tao,Jen,tjen,bihourly,Nathan,Hodgson,nhodgson,underbud,Paige,Lamontagne,plamontagne,puisnes,Philipp,Adler,padler,palmiest,Shunpei,Saito,ssaito,penciling,Penelope,Lucchesi,ogenovesi,dethrones,Rebecca,Nevzorova,rnevzorova,overply,Neus,Romo,nromo,prebaked
Human Resources Representative,"OU=Employees,OU=HumanResources,",Genji,Chia,gchia,destinies,Ellie,Pickering,epickering,sonnies,Chantal,Bler,cbler,flecking,Doreen,Maurer,dmaurer,primitive,Iria,Kaneda,ikaneda,deadest,Giusy,Cattaneo,cmancini,nonpoor,Eldar,Bulgakov,ebulgakov,coupons,Cesar,Rivas,crivas,emboldens
Human Resources Representative,"OU=Employees,OU=HumanResources,",Ai,Lung,alung,cassias,Aaliyah,Moore,amoore,burthens,Adorlee,Auclair,aauclair,complains,Alexander,Moller,amoller,cleaners,Aito,Murase,amurase,surpluses,Lillo,Romano,amanna,exercised,Agnes,Polyakova,apolyakova,handicaps,Abigail,Romero,aromero,costars
Human Resources Representative,"OU=Employees,OU=HumanResources,",Ying,Tsao,ytsao,shielded,Tegan,Rhodes,trhodes,entitling,Tilly,Dubois,tdubois,costumey,Thomas,Lehmann,tlehmann,viscose,Yasuyo,Ookawa,yookawa,coercing,Alberica,Fiorentini,tcolombo,animation,Valeria,Korovina,vkorovina,overtrims,Vaniria,Llarnas,vllarnas,foreranks
Human Resources Representative,"OU=Employees,OU=HumanResources,",Yuan,Feng,yfeng,pyrostats,Victoria,Owens,vowens,angering,Valentine,Beaulieu,vbeaulieu,economics,Ulrich,Kuester,ukuester,nitrolic,Youku,Kurita,ykurita,mastixes,Cosimo,Ferrari,vendrizzi,quipsters,Vyacheslav,Yudin,vyudin,lingberry,Wara,Loera,wloera,kinging
Human Resources Representative,"OU=Employees,OU=HumanResources,",Tao,Tien,ttien,outmaster,Nicholas,Harding,nharding,lewisites,Parnella,Sauve,psauve,vapouring,Ralf,Abt,rabt,grinded,Suzumi,Tanabe,stanabe,underbuds,Serafino,Longo,omarchesi,priapism,Rice,Zubareva,rzubareva,rehandles,Nicodemo,Ruiz,nruiz,sharias
Human Resources Representative,"OU=Employees,OU=HumanResources,",Xue,Ho,xho,bawcock,Sean,Dennis,sdennis,couther,Sibyla,Poisson,spoisson,vaporers,Stephan,Friedman,sfriedman,inhalants,Ui,Niiya,uniiya,tsunamic,Napoleone,Lucciano,sfiorentino,bussing,Tigran,Lazarev,tlazarev,sternmost,Socrates,Bermudez,sbermudez,basilisks
Human Resources Representative,"OU=Employees,OU=HumanResources,",Shen,Lu,slu,pourers,Megan,Patel,mpatel,oversoon,Mirabelle,Lecuyer,mlecuyer,roughing,Michael,Schmidt,mschmidt,helleri,Sato,Shigeki,sshigeki,pinwork,Candida,Moretti,mlorenzo,betrayals,Nikita,Efimov,nefimov,junctures,Maitena,Carrion,mcarrion,autarchs
Human Resources Representative,"OU=Employees,OU=HumanResources,",De,Tang,dtang,surfaces,Chelsea,Metcalfe,cmetcalfe,redbirds,Benjamin,Jodoin,bjodoin,aldolases,Christin,Zimmerman,czimmerman,bristles,Hideharu,Oohara,hoohara,evangels,Renata,Romani,bmoretti,racists,Cleopatra,Mironova,cmironova,caudally,Baal,Bravo,bbravo,blushing
Human Resources Representative,"OU=Employees,OU=HumanResources,",Jin,Tsou,jtsou,likeliest,Harry,Ball,hball,fostered,Emilie,Vertefeuille,evertefeuille,narraters,Jonas,Gottschalk,jgottschalk,crossing,Kensou,Akita,kakita,unilobed,Emiliano,Pinto,eboni,tainted,Gore,Balashov,gbalashov,quartzous,Emiliana,Alva,ealva,forages
Human Resources Representative,"OU=Employees,OU=HumanResources,",Jun,Hsiao,jhsiao,seamers,Hollie,Cartwright,hcartwright,circuitry,Etienne,Rossignol,erossignol,purveyor,Karin,Faber,kfaber,cheviots,Kisa,Yamasaki,kyamasaki,curtails,Orazio,Padovesi,ebruno,patacas,Herman,Fyodorov,hfyodorov,virelays,Enrico,Guajardo,eguajardo,berseem
Human Resources Representative,"OU=Employees,OU=HumanResources,",Tao,Sung,tsung,turions,Niamh,Lees,nlees,keratosic,Parnella,Boivin,pboivin,bittier,Phillipp,Rothstein,prothstein,trickling,Susumu,Iwata,siwata,nigrifies,Guglielmo,Padovano,opadovesi,tussurs,Renata,Samsonova,rsamsonova,forzandi,Nicanor,Monroy,nmonroy,flatwash
Human Resources Representative,"OU=Employees,OU=HumanResources,",Dewei,Yeh,dyeh,eudemons,Corey,Hunt,chunt,oxyphile,Bevis,Goulet,bgoulet,mozzette,Christina,Beyer,cbeyer,crewcut,Hidekazu,Kawahara,hkawahara,slobberer,Fortunata,Russo,bboni,balanced,Cora,Seleznyova,cseleznyova,unhelms,Baltasar,Benitez,bbenitez,observes
Accountant Head,"OU=Managerial,OU=Heads,",Wu,Kung,wkung,counselor,Poppy,Blackburn,pblackburn,holsters,Pinabel,Auger,pauger,scrimping,Sarah,Theiss,stheiss,greasiest,Takuya,Uchiumi,tuchiumi,showier,Alfredina,Boni,qpinto,orgasmic,Seraphim,Ankudinova,sankudinova,invective,Peer,Terrazas,pterrazas,augites
Accountant Head,"OU=Managerial,OU=Heads,",Yong,She,yshe,wingbacks,Tilly,Grant,tgrant,ruthenium,Trinette,Rossignol,trossignol,slivers,Tom,Pfaff,tpfaff,latrines,Yoshimichi,Koda,ykoda,caravan,Divo,Mazzanti,ugreece,baptized,Vlad,Andreev,vandreev,subduct,Vicky,Brito,vbrito,resection
Accountant,"OU=Employees,OU=Accountant,",Ho,Lo,hlo,chicanos,Faith,Green,fgreen,shifting,Crescent,Garnier,cgarnier,flanges,Frank,Gloeckner,fgloeckner,aquarians,Kaede,Takenaka,ktakenaka,jarheads,Augusto,Cattaneo,dpugliesi,monologue,Esther,Gerasimova,egerasimova,attuned,Cristo,Pacheco,cpacheco,lensmen
Accountant,"OU=Employees,OU=Accountant,",An,Tsou,atsou,timpanums,Abbie,Dickinson,adickinson,oomiacs,Aiglentina,Sevier,asevier,pretests,Andreas,Gruenewald,agruenewald,acrolects,Aoto,Oomura,aoomura,scapegoat,Azzurra,Lettiere,alori,chalupas,Alain,Chesnokova,achesnokova,attenders,Adelma,Garay,agaray,humanized
Accountant,"OU=Employees,OU=Accountant,",An,Fan,afan,grayling,Aaron,Holt,aholt,critical,Adrien,Blanc,ablanc,solstice,Andrea,Freud,afreud,dewclawed,Akana,Kurata,akurata,tressels,Lorenzo,Mancini,aderose,silvers,Akulina,Grigoryeva,agrigoryeva,scuzziest,Adam,Caban,acaban,adumbrate
Accountant,"OU=Employees,OU=Accountant,",Guang,Tao,gtao,penumbral,Emily,Powell,epowell,southerns,Christiane,Aupry,caupry,corbans,Erik,Engel,eengel,atheroma,Itsuo,Nozawa,inozawa,kephalin,Geraldo,Gallo,ccattaneo,allaying,Elena,Kharlamova,ekharlamova,pottiest,Cirila,Sisneros,csisneros,clambake
Accountant,"OU=Employees,OU=Accountant,",Hu,Pan,hpan,unstoned,Finley,Swift,fswift,wildlings,Dexter,Richard,drichard,arnicas,Ines,Beckenbauer,ibeckenbauer,expertism,Kao,Hayashi,khayashi,towboat,Eleonora,Beneventi,dcattaneo,abutilons,Fatima,Denisova,fdenisova,embargo,Danny,Trujillo,dtrujillo,outbursts
Accountant,"OU=Employees,OU=Accountant,",Ping,Chiu,pchiu,anality,Louise,Watkins,lwatkins,oophytes,Lyle,Picard,lpicard,dilutions,Marie,Schuhmacher,mschuhmacher,piniest,Rika,Shinden,rshinden,churlish,Sesto,Mazzanti,lcolombo,enhaloing,Margaret,Bobrova,mbobrova,trounce,Kiara,Hernandez,khernandez,frostings
Accountant,"OU=Employees,OU=Accountant,",Wang,Lai,wlai,shooting,Olivia,Lawrence,olawrence,plunker,Penelope,Fugere,pfugere,bouquets,Robert,Kohler,rkohler,unfroze,Takafumi,Kino,tkino,cadenzas,Melania,Romano,otrentino,allusions,Rose,Lavrentyev,rlavrentyev,pundits,Olinda,Rios,orios,versions
Accountant,"OU=Employees,OU=Accountant,",Bo,Ku,bku,acariases,Alex,Rahman,arahman,saccule,Alphonsine,Lacroix,alacroix,remorse,Anja,Schultheiss,aschultheiss,wipeouts,Benito,Morioka,bmorioka,boxings,Isidora,Angelo,acosta,illnesses,Alla,Fyodorova,afyodorova,bicolor,Ald,Portillo,aportillo,reboarded
Accountant,"OU=Employees,OU=Accountant,",Tao,Kao,tkao,descent,Nathan,Stevenson,nstevenson,hybrises,Paige,Richer,pricher,multisize,Philipp,Grunewald,pgrunewald,palmettos,Shunya,Koga,skoga,badgeless,Lamberto,Conti,onapolitano,caballero,Regina,Abramova,rabramova,palladium,Neyen,Vazquez,nvazquez,wolffish
Accountant,"OU=Employees,OU=Accountant,",Chan,Ku,cku,virulence,Alicia,Davidson,adavidson,arapaimas,Anton,Beauchamp,abeauchamp,princess,Anna,Durr,adurr,cotyledon,Chikako,Yokoi,cyokoi,morgans,Ermes,Cocci,abaresi,resigner,Antonina,Muravyova,amuravyova,corpsman,Amable,Veliz,aveliz,blockages
Accountant,"OU=Employees,OU=Accountant,",Jing,Niu,jniu,homograph,Harry,Ellis,hellis,brayers,Emmanuel,Tessier,etessier,validity,Jonas,Vogler,jvogler,shoepac,Kihomi,Miyake,kmiyake,roundly,Donata,Bianchi,egreece,hordeins,Gore,Demidov,gdemidov,reigned,Emiliano,Vaca,evaca,acolyte
Accountant,"OU=Employees,OU=Accountant,",Shing,Cheng,scheng,selenious,Mollie,Fraser,mfraser,variants,Nicolette,Norbert,nnorbert,kerchiefs,Nadine,Neustadt,nneustadt,dignified,Senta,Mitani,smitani,following,Palmiro,Genovese,mferrari,proclitic,Olympics,Uspenskaya,ouspenskaya,camions,Marisabel,Carbajal,mcarbajal,atheroma
Accountant,"OU=Employees,OU=Accountant,",Chi,Lai,clai,dryadic,Billy,Hayes,bhayes,vectors,Aubrey,Primeau,aprimeau,foreman,Benjamin,Baader,bbaader,angiomas,Fuuka,Yoshida,fyoshida,clouded,Filomena,Udinesi,adavide,agouties,Bogdan,Lavrov,blavrov,kremlin,Anisio,Bonilla,abonilla,pewterer
Accountant,"OU=Employees,OU=Accountant,",Xiong,Mao,xmao,engramme,Ryan,Ellis,rellis,outmoding,Rive,Boule,rboule,crustless,Sophie,Baader,sbaader,dismount,Tomoyuki,Azuma,tazuma,dispirits,Donnino,Calabrese,rcalabrese,feudatory,Sviatoslav,Blokhin,sblokhin,standard,Remo,Menendez,rmenendez,toyshop
Accountant,"OU=Employees,OU=Accountant,",Meng,Ting,mting,hoisting,Kyle,Doherty,kdoherty,calcines,Julien,Fugere,jfugere,dementia,Lucas,Mauer,lmauer,sandsoap,Mugito,Fukui,mfukui,misdoes,Tullio,Lorenzo,ipadovesi,landler,Leonti,Afanasyev,lafanasyev,reflation,Ilario,Valadez,ivaladez,consumer
Accountant,"OU=Employees,OU=Accountant,",Yi,Meng,ymeng,resistive,Sophie,Morton,smorton,vitellus,Telford,Souplet,tsouplet,abstricts,Swen,Hoch,shoch,aitches,Yasuhiro,Takeda,ytakeda,unruled,Olindo,Napolitano,smancini,lectures,Vadim,Afanasyev,vafanasyev,eluding,Tobias,Nieto,tnieto,bankers
Accountant,"OU=Employees,OU=Accountant,",Yong,Ni,yni,incurved,Thomas,ODonnell,todonnell,spodosol,Trinette,Auclair,tauclair,upboiled,Tim,Jager,tjager,theurgic,Yorie,Machida,ymachida,retypes,Adelfina,DeRose,unapolitano,utterable,Victoria,Golubova,vgolubova,interject,Vesta,Miranda,vmiranda,bedsheet
Accountant,"OU=Employees,OU=Accountant,",Lin,He,lhe,sinfonia,Josh,Heath,jheath,bromized,Holly,Ayot,hayot,mundanely,Leah,Osterhagen,losterhagen,pollute,Michinori,Tanimoto,mtanimoto,starving,Cesare,Manna,gbarese,calliopes,Juliana,Polyakova,jpolyakova,melanites,Hilario,Quintero,hquintero,schilling
Accountant,"OU=Employees,OU=Accountant,",Rong,Han,rhan,blastie,Matthew,Blake,mblake,investors,Maurelle,Chartre,mchartre,halophyte,Matthias,Lowe,mlowe,joylessly,Saemi,Yokoyama,syokoyama,traversed,Colomba,Pinto,mtoscani,boweled,Myron,Andreyev,mandreyev,deigning,Livia,Valle,lvalle,derision
Accountant,"OU=Employees,OU=Accountant,",Chan,Peng,cpeng,montanes,Alicia,Summers,asummers,whopper,Arber,Foucault,afoucault,shielded,Anne,Beyer,abeyer,basifier,Chikao,Komori,ckomori,anatoxins,Doda,Lucchese,aiadanza,magnify,Apollinaris,Bazarova,abazarova,contumacy,Amadeus,Matias,amatias,controls
Accountant,"OU=Employees,OU=Accountant,",Mee,Fan,mfan,ionizing,Kayleigh,Todd,ktodd,instigate,Jeoffroi,Turgeon,jturgeon,flysheet,Lisa,Wagner,lwagner,astronomy,Mitsutaka,Kohara,mkohara,slummer,Donatella,Ferrari,gromano,goitrogen,Lawrence,Ozerov,lozerov,pigouts,Ianina,Nunez,inunez,swaying
Accountant,"OU=Employees,OU=Accountant,",Wei,Li,wli,bestially,Paige,Clements,pclements,embracery,Perrin,Dube,pdube,reraising,Sandra,Kohl,skohl,simlins,Takeaki,Nishikawa,tnishikawa,clarionet,Giancarlo,Lori,plucchesi,formality,Ruth,Lebedeva,rlebedeva,dewooling,Otilia,Mateo,omateo,sheepmen
Accountant,"OU=Employees,OU=Accountant,",Sun,Tsui,stsui,avowably,Morgan,Wilkins,mwilkins,elysian,Orlene,Petrie,opetrie,peponidas,Paul,Shuster,pshuster,detente,Shiyomi,Daijou,sdaijou,releases,Eric,Lorenzo,npagnotto,ruralizes,Porphyry,Konovalov,pkonovalov,bobwhite,Milciades,Mota,mmota,catlings
Accountant,"OU=Employees,OU=Accountant,",Guang,Lei,glei,outclimbs,Emily,Harrison,eharrison,polypides,Christian,Viens,cviens,granulose,Erik,Ebersbacher,eebersbacher,unshapen,Itsuo,Kodou,ikodou,esthete,Elda,Trentino,cpinto,daglocks,Elena,Grigoryeva,egrigoryeva,miltier,Cilinia,Cortes,ccortes,oakiest
Accountant,"OU=Employees,OU=Accountant,",Ai,Chen,achen,fireless,Aaliyah,Burke,aburke,albacore,Adele,Fortier,afortier,laveers,Alexander,Duerr,aduerr,curdlers,Aguri,Sakuma,asakuma,fluorides,Alda,Costa,abuccho,estrual,Adam,Bykov,abykov,tailwinds,Abaco,Moreno,amoreno,nationals
Accountant,"OU=Employees,OU=Accountant,",Rong,Pan,rpan,squarrose,Max,Harris,mharris,seascapes,Mercer,Giroux,mgiroux,hippiedom,Max,Bieber,mbieber,huntress,Saiko,Nagata,snagata,battens,Fabio,Mazzanti,mcocci,jibbing,Nail,Zotov,nzotov,alveolars,Loana,Muro,lmuro,paperback
Accountant,"OU=Employees,OU=Accountant,",Qian,Yeh,qyeh,farmwork,Luca,North,lnorth,fishbolt,Marcelle,Desruisseaux,mdesruisseaux,foaminess,Markus,Freeh,mfreeh,balloons,Rira,Kondo,rkondo,serologic,Miriam,Pugliesi,lromano,larynxes,Matthew,Avdeyev,mavdeyev,grumblers,Lais,Mendez,lmendez,epifauna
Accountant,"OU=Employees,OU=Accountant,",Lok,Chuang,lchuang,garageman,Joshua,Sims,jsims,quartzous,Ines,Beaudoin,ibeaudoin,outdanced,Lena,Faerber,lfaerber,toxically,Michiyuki,Kakuta,mkakuta,mackerels,Umberto,Genovese,gsal,overlove,Karina,Abakumova,kabakumova,apiculate,Holly,Briones,hbriones,hoodlike
Accountant,"OU=Employees,OU=Accountant,",Shen,Ma,sma,chapiter,Mia,Higgins,mhiggins,korunas,Mireille,Marchesseault,mmarchesseault,greeters,Michael,Waechter,mwaechter,biohazard,Satomi,Hayagawa,shayagawa,airshed,Alfreda,Lombardo,mesposito,traceably,Nikon,Isayev,nisayev,hospitium,Manlio,Lebron,mlebron,stealer
Accountant,"OU=Employees,OU=Accountant,",Qi,Ko,qko,entresols,Luca,Coates,lcoates,sorriness,Malagigi,Devoe,mdevoe,calcedony,Marko,Schroder,mschroder,upbraids,Riki,Shiraishi,rshiraishi,nearing,Augusta,Trevisano,lferri,infamous,Marina,Dolgorukova,mdolgorukova,deviser,Kristine,Lovato,klovato,nosedive
Accountant,"OU=Employees,OU=Accountant,",Juan,Kung,jkung,glossemes,Harvey,Barton,hbarton,residence,Estelle,Audet,eaudet,chaufers,Jurgen,Sanger,jsanger,waggish,Kinichi,Nishiyama,knishiyama,genetics,Fernanda,Giordano,ecalabresi,grummeted,Hedwig,Sergeyeva,hsergeyeva,modiste,Enon,Negron,enegron,colorist
Accountant,"OU=Employees,OU=Accountant,",On,Lung,olung,lamella,Libby,Webster,lwebster,outpoint,Louis,Poissonnier,lpoissonnier,craniate,Marcel,Brauer,mbrauer,tuneably,Nijito,Yamazaki,nyamazaki,reposits,Valentina,Palermo,lconti,requiems,Ludmila,Blinova,lblinova,silents,Jon,Barreto,jbarreto,geologic
Accountant,"OU=Employees,OU=Accountant,",Xiuxiu,Sun,xsun,unripping,Scott,Clements,sclements,budgetary,Searlait,Chesnay,schesnay,inquired,Steffen,Kunze,skunze,buckramed,Tsuguka,Uchiyama,tuchiyama,handyman,Cosimo,Mazzanti,rcocci,tenanted,Thais,Uspenskaya,tuspenskaya,tiffing,Saraid,Ballesteros,sballesteros,banshees
Accountant,"OU=Employees,OU=Accountant,",Ye,Lo,ylo,dossils,Skye,Browne,sbrowne,pardine,Somer,Courcelle,scourcelle,agrimony,Stephanie,Wirth,swirth,stertor,Uran,Kanazawa,ukanazawa,flanges,Santa,Fiorentino,smazzanti,glucagon,Timur,Kapustin,tkapustin,sibilancy,Stanislao,Alaniz,salaniz,mossers
Accountant,"OU=Employees,OU=Accountant,",Na,Fu,nfu,zoneless,Leah,Lloyd,llloyd,extrovert,Latimer,Corbin,lcorbin,jealousy,Lukas,Pfaff,lpfaff,tegumina,Naruto,Sanya,nsanya,liberals,Quarantino,Ferrari,icastiglione,compleat,Leopold,Yegorov,lyegorov,hardcourt,Jair,Solorzano,jsolorzano,barosaur
Accountant,"OU=Employees,OU=Accountant,",Cheng,Kao,ckao,dredgers,Ava,Field,afield,dissident,Arthur,Fecteau,afecteau,apteral,Antje,Jaeger,ajaeger,sortition,Etsuya,Kumagai,ekumagai,utilise,Valerio,Bergamaschi,aferrari,fathead,Blasius,Avdeev,bavdeev,twofolds,Angus,Montano,amontano,linkage
Accountant,"OU=Employees,OU=Accountant,",Mulan,Meng,mmeng,freakouts,Lara,Collins,lcollins,yachtman,Karel,Soucy,ksoucy,truckings,Lukas,Cole,lcole,bruiting,Namiko,Matsuyama,nmatsuyama,phrases,Isidoro,Folliero,ipugliesi,birthed,Leonti,Sergeyev,lsergeyev,costate,Isis,Jaramillo,ijaramillo,minimum
Accountant,"OU=Employees,OU=Accountant,",Xiuxiu,Ma,xma,availing,Scarlett,Gardner,sgardner,proclaim,Ruby,Alexandre,ralexandre,hundredth,Steffen,Boehm,sboehm,ankerite,Tsubasa,Hamada,thamada,sparids,Fantino,Beneventi,rgiordano,ratemeter,Teresa,Kolesnikova,tkolesnikova,biscuity,Sahara,Murillo,smurillo,bumfuzzle
Accountant,"OU=Employees,OU=Accountant,",Cheng,Liu,cliu,brining,Ava,Macdonald,amacdonald,pomology,Aubin,Boisvert,aboisvert,larking,Barbara,Burger,bburger,floozie,Fujiko,Hayagawa,fhayagawa,squeakers,Agostino,Napolitano,amilani,upfield,Blasius,Vasiliev,bvasiliev,disabling,Anibal,Alfaro,aalfaro,enamors
Accountant,"OU=Employees,OU=Accountant,",Wen,Tuan,wtuan,defecates,Phoebe,McCarthy,pmccarthy,mutuals,Pierre,Rivard,privard,anciently,Sara,Richter,srichter,betaken,Takuei,Yagi,tyagi,kamaainas,Lionella,Cremonesi,pschiavone,seatrains,Savely,Ignatyev,signatyev,iodates,Pancho,Tamez,ptamez,forepaw
Accountant,"OU=Employees,OU=Accountant,",Lin,Fan,lfan,trangam,Joseph,Foster,jfoster,booklets,Henry,Daigle,hdaigle,unmewed,Leah,Eberhart,leberhart,dabbing,Michihito,Takahasi,mtakahasi,calyceal,Giulia,Piazza,gmazzanti,casefies,Julian,Yermolayev,jyermolayev,obligator,Heda,Vallejo,hvallejo,elegize
Accountant,"OU=Employees,OU=Accountant,",Hua,He,hhe,pagandoms,Francesca,Bond,fbond,archenemy,Dexter,Roux,droux,revealers,Ines,Hertzog,ihertzog,lewisites,Karin,Iwase,kiwase,delisted,Aurelia,Conti,darcuri,fairleads,Fatima,Kotova,fkotova,galaxes,Dario,Sepulveda,dsepulveda,misusers
Accountant,"OU=Employees,OU=Accountant,",Shen,Tsai,stsai,footcloth,Millie,Hughes,mhughes,afflicted,Musette,Paradis,mparadis,enquiry,Mike,Braun,mbraun,revenging,Satsuya,Sanwa,ssanwa,shmoozed,Simone,Iadanza,mlombardo,tinkliest,Novel,Komarov,nkomarov,outcomes,Marana,Flores,mflores,relenting
Accountant,"OU=Employees,OU=Accountant,",Lan,Teng,lteng,construct,Jade,James,jjames,cuckoos,Fleur,Daigneault,fdaigneault,sheetlike,Katja,Baum,kbaum,caustic,Koume,Ishibashi,kishibashi,outdueled,Giordana,Buccho,fangelo,demurrer,Ilona,Agapova,iagapova,noticers,Febe,Rincon,frincon,skiings
Accountant,"OU=Employees,OU=Accountant,",Guang,Feng,gfeng,silkaline,Ellis,Thomas,ethomas,pandora,Christian,Berthelette,cberthelette,prefixed,Eric,Abt,eabt,brooded,Itsuka,Iwai,iiwai,wincers,Cipriano,Gallo,cschiavone,readopt,Eleanor,Belova,ebelova,ufology,Cesaria,Granado,cgranado,emulsions
Engineer Head,"OU=Managerial,OU=Heads,",Ye,Tuan,ytuan,misthrow,Sophia,Burgess,sburgess,sparoid,Tabor,Mercure,tmercure,jabberers,Susanne,Lehmann,slehmann,clarified,Uzuki,Kawahara,ukawahara,enneagons,Calogero,Udinesi,stoscano,liverish,Trifon,Uvarov,tuvarov,kazatsky,Tamara,Navarrete,tnavarrete,curiums
Engineer Head,"OU=Managerial,OU=Heads,",Ying,Hsia,yhsia,incognita,Spencer,Simmons,ssimmons,alienable,Thibaut,Lefebvre,tlefebvre,spouted,Tanja,Duerr,tduerr,misbuilds,Yasuno,Nishimoto,ynishimoto,bustler,Dolcelino,Cattaneo,tmarcelo,scintilla,Valentine,Bezrukova,vbezrukova,beckoner,Urania,Arguello,uarguello,snowplows
Engineer,"OU=Employees,OU=Engineer,",Xiuxiu,Yuan,xyuan,unfasten,Scott,Little,slittle,equippers,Searlait,Clavet,sclavet,jotters,Steffen,Reiniger,sreiniger,cuniform,Tsuneharu,Toda,ttoda,upbraider,Adelia,Mancini,srossi,semigala,Theodore,Blokhin,tblokhin,aloneness,Silvio,Chavez,schavez,integers
Engineer,"OU=Employees,OU=Engineer,",Manchu,Chen,mchen,naphtha,Kate,Vaughan,kvaughan,lungful,Javier,Berger,jberger,obedience,Lena,Kaufmann,lkaufmann,unwounded,Mikihisa,Hakui,mhakui,surnamer,Luana,Fiorentini,gmarino,itemise,Karp,Bykov,kbykov,pembinas,Huaman,Berrios,hberrios,anableps
Engineer,"OU=Employees,OU=Engineer,",Sun,Shen,sshen,agreement,Morgan,Middleton,mmiddleton,relaced,Oriel,Veronneau,overonneau,kibbitzer,Paul,Kohler,pkohler,stinting,Shinri,Miki,smiki,spanceled,Odetta,Siciliano,nschiavone,droller,Polycarp,Ignatyev,pignatyev,shooter,Miki,Alicea,malicea,tautology
Engineer,"OU=Employees,OU=Engineer,",On,Hsueh,ohsueh,airmails,Lewis,Pugh,lpugh,precooked,Leroy,Ruest,lruest,skilful,Manuela,Klein,mklein,hardwired,Nijito,Sanu,nsanu,kidnapee,Veronica,Marchesi,llifonti,fogdogs,Lucia,Samoylova,lsamoylova,baroness,Johanna,Carrasquill,jcarrasquill,reassured
Engineer,"OU=Employees,OU=Engineer,",Hui,Hsiao,hhsiao,sennits,Gabriel,Griffiths,ggriffiths,eupnoea,Dielle,Fugere,dfugere,brabbles,Jana,Fiedler,jfiedler,replowed,Kazaki,Kishimoto,kkishimoto,achievers,Stella,Esposito,eudinesi,saccade,Flora,Tretyakova,ftretyakova,cavalcade,Domikene,Lebron,dlebron,homered
Engineer,"OU=Employees,OU=Engineer,",Lee,Tien,ltien,venomed,Jamie,Sinclair,jsinclair,jiggling,Frederique,Brunelle,fbrunelle,revisions,Kerstin,Hertzog,khertzog,assaults,Kyuuto,Kanazawa,kkanazawa,vavassor,Fiorella,Manna,fsal,chuckler,Irma,Repina,irepina,giaours,Gabina,Bonilla,gbonilla,cohabited
Engineer,"OU=Employees,OU=Engineer,",Cai,Wu,cwu,conveys,Alfie,Akhtar,aakhtar,venerably,Anne,Jodion,ajodion,undresses,Anna,Abend,aabend,overheard,Chikage,Kozawa,ckozawa,tomfools,Andrea,Schiavone,arossi,stotting,Anna,Kuznetsova,akuznetsova,noplace,Alvin,Nunez,anunez,inlayers
Engineer,"OU=Employees,OU=Engineer,",Heng,Chou,hchou,caregiver,Eva,Pugh,epugh,eukaryote,Colette,Ruest,cruest,macruran,Felix,Klein,fklein,okaying,Junsuke,Horiguchi,jhoriguchi,litotes,Cristiano,Padovesi,cbuccho,abortive,Erast,Abramoff,eabramoff,cityfied,Clodoveo,Barela,cbarela,phellem
Engineer,"OU=Employees,OU=Engineer,",Shaiming,Su,ssu,whoring,Max,Price,mprice,communist,Merlin,Cyr,mcyr,overcrowd,Maximilian,Neudorf,mneudorf,accidents,Sakiko,Tazuka,stazuka,magdalene,Silvestro,Arcuri,marcuri,laggers,Natalie,Zhdanova,nzhdanova,cataplexy,Loreley,Montanez,lmontanez,hardening
Engineer,"OU=Employees,OU=Engineer,",Shaiming,Mai,smai,zincing,Max,Potter,mpotter,hostels,Merle,Gilbert,mgilbert,granulite,Maximilian,Glockner,mglockner,actable,Sakiko,Araya,saraya,outrode,Berardo,Moretti,monio,mischiefs,Natalie,Kryukova,nkryukova,vowless,Longinos,Almonte,lalmonte,choremen
Engineer,"OU=Employees,OU=Engineer,",Lee,Chang,lchang,bandied,James,Stevenson,jstevenson,corncobs,France,Savoie,fsavoie,mastered,Katja,Hoover,khoover,cermets,Kozo,Kichida,kkichida,footless,Demetrio,Udinesi,fbarese,saltant,Ilya,Bazarov,ibazarov,merlots,Freya,Rangel,frangel,queerest
Engineer,"OU=Employees,OU=Engineer,",Shen,Tien,stien,inedibly,Millie,Hardy,mhardy,resplice,Monique,Mailly,mmailly,missions,Michelle,Luft,mluft,inweave,Satoya,Miyabara,smiyabara,teeniest,Natalia,Cattaneo,mromano,habitus,Nora,Lavrentyev,nlavrentyev,smatters,Manzur,Mondragon,mmondragon,aquifers
Engineer,"OU=Employees,OU=Engineer,",Chen,Chu,cchu,subvassal,Amy,Rees,arees,acrasia,Armand,Belisle,abelisle,foundry,Annett,Burger,aburger,unstraps,Eimi,Hakugi,ehakugi,prelatism,Ivan,Rizzo,apiccio,bisulfite,Barbara,Alexandrova,balexandrova,isohels,Amaru,Quintana,aquintana,nystatins
Engineer,"OU=Employees,OU=Engineer,",An,Kao,akao,postnasal,Aaron,Kirby,akirby,uropodous,Adrien,Panetier,apanetier,videodisc,Andrea,Kuhn,akuhn,assertion,Akiya,Yoshioka,ayoshioka,goldbug,Rufina,Lucciano,amancini,affixes,Akulina,Ilyina,ailyina,limeades,Adam,Leyva,aleyva,hayrides
Engineer,"OU=Employees,OU=Engineer,",Yun,He,yhe,federacy,William,Simpson,wsimpson,swooned,Villette,Ayot,vayot,nephroses,Uta,Faber,ufaber,deniably,Yukari,Shirakawa,yshirakawa,infused,Cipriano,Pirozzi,vpadovesi,limekiln,Yesenia,Shubina,yshubina,boxthorn,Yanira,Robledo,yrobledo,saponins
Engineer,"OU=Employees,OU=Engineer,",Chan,Yuan,cyuan,tsarism,Amelia,Ryan,aryan,attempted,Archard,Gougeon,agougeon,tarsiers,Anne,Wei,awei,flashtube,Daichi,Hori,dhori,leucines,Ausilia,Genovese,atrentini,designate,Arkhip,Tretiakov,atretiakov,stallions,Amapola,Porras,aporras,yabbering
Engineer,"OU=Employees,OU=Engineer,",Li,Lung,llung,forbear,Jodie,Robinson,jrobinson,veniremen,Geoffrey,Guimond,gguimond,toluoles,Kristian,Shuster,kshuster,splenii,Mana,Muramatsu,mmuramatsu,toenailed,Cassio,Zetticci,floduca,artifact,Janina,Tretiakova,jtretiakova,galenite,Gioseppina,Esparza,gesparza,sinuation
Engineer,"OU=Employees,OU=Engineer,",Qing,Fan,qfan,cantals,Maddison,Dale,mdale,insomnia,Marshall,Marquis,mmarquis,manchets,Martin,Seiler,mseiler,eidetic,Ryuuma,Sugiyama,rsugiyama,moussaka,Manuela,Toscani,lnapolitani,poetless,Milan,Nevzorova,mnevzorova,miasmic,Leonarda,Gaitan,lgaitan,brushland
Engineer,"OU=Employees,OU=Engineer,",Mee,Tsui,mtsui,haggled,Keira,Marsden,kmarsden,pigmented,Jewel,Dumont,jdumont,filings,Lisa,Werfel,lwerfel,lavenders,Miya,Harada,mharada,measles,Beniamino,Rizzo,gferrari,missile,Lazarus,Konovalov,lkonovalov,mezzaluna,Ibar,Sanches,isanches,rewashing
Engineer,"OU=Employees,OU=Engineer,",Peng,Peng,ppeng,pabulums,Louis,Moran,lmoran,whaleman,Lyle,Jalbert,ljalbert,ecotype,Maria,Zweig,mzweig,assistive,Riichi,Itou,ritou,factors,Edoardo,Piccio,lpinto,endpapers,March,Shubina,mshubina,semanteme,Keren,Vergara,kvergara,taxpaying
Engineer,"OU=Employees,OU=Engineer,",Park,Chung,pchung,recocked,Lilly,Bull,lbull,rattans,Louise,Marchesseault,lmarchesseault,juniper,Marcel,Friedmann,mfriedmann,mixture,Nobuhiro,Yagawa,nyagawa,quantify,Stefano,Giordano,lgiordano,malamute,Lydia,Artemyeva,lartemyeva,siltation,Jordana,Alonso,jalonso,tonguing
Engineer,"OU=Employees,OU=Engineer,",Lan,Tsui,ltsui,defiance,Jade,Lees,jlees,lingcod,Forrest,Beaule,fbeaule,asterisks,Katja,Dietrich,kdietrich,alertness,Koushou,Fukuoka,kfukuoka,parasites,Beata,Beneventi,flucciano,coffing,Ilona,Lavrova,ilavrova,doffers,Franco,Raya,fraya,derived
Engineer,"OU=Employees,OU=Engineer,",Sheng,Chiang,schiang,slipknot,Millie,Simmons,msimmons,lacunas,Namo,Garceau,ngarceau,coatings,Mike,Zimmer,mzimmer,outgasses,Sawa,Hirano,shirano,zoolatry,Elena,Calabrese,mgiordano,cosmisms,Oksana,Izmailova,oizmailova,bromelain,Marcel,Badillo,mbadillo,poppets
Engineer,"OU=Employees,OU=Engineer,",Qiao,Chiang,qchiang,assayers,Lucy,Curtis,lcurtis,fuddies,Margaux,Saucier,msaucier,warriors,Martin,Abendroth,mabendroth,profilers,Ruka,Nakayama,rnakayama,abbotcy,Flavio,Barese,lfiorentino,chukkers,Maxim,Glazkov,mglazkov,chording,Lauren,Vaca,lvaca,burdies
Engineer,"OU=Employees,OU=Engineer,",Song,Chung,schung,oversoul,Mollie,Nicholls,mnicholls,secpars,Ogier,Lamare,olamare,bracted,Patrick,Klein,pklein,narceine,Shigeko,Niita,sniita,becloaked,Arsenio,Sal,nlucciano,unfished,Peter,Vagin,pvagin,detains,Merlino,Leon,mleon,genuinely
Engineer,"OU=Employees,OU=Engineer,",Guo,Chen,gchen,scatterer,Emily,Watkins,ewatkins,outsoars,Christiane,Drouin,cdrouin,magnetics,Erik,Metzger,emetzger,halliard,Itsuo,Sano,isano,vomiting,Biagio,Buccho,cangelo,neocortex,Elena,Repina,erepina,tacnode,Cirineo,Ceballos,cceballos,hummers
Engineer,"OU=Employees,OU=Engineer,",Park,Tien,ptien,hypoxias,Logan,Kent,lkent,exhumer,Luc,Flamand,lflamand,calmest,Maria,Hahn,mhahn,unclothe,Rie,Higa,rhiga,approved,Carmelo,LiFonti,ltoscano,worriers,Marat,Bogdanov,mbogdanov,ringbone,Juancruz,Limon,jlimon,edemata
Engineer,"OU=Employees,OU=Engineer,",Guo,Lu,glu,scorbutic,Erin,Fisher,efisher,credits,Clemence,Labrie,clabrie,baryonic,Felix,Ebersbacher,febersbacher,dreamtime,Jou,Nan,jnan,mementos,Ilario,Conti,cferrari,goldfinch,Elizabeth,Kazakova,ekazakova,planked,Cleodora,Torrez,ctorrez,marveled
Engineer,"OU=Employees,OU=Engineer,",Kang,Tsai,ktsai,dumpster,Imogen,Rees,irees,cragged,Faye,Duranseau,fduranseau,cognomina,Karolin,Wexler,kwexler,putative,Koto,Abe,kabe,behinds,Lanfranco,Giordano,flombardo,dawting,Ian,Bodrov,ibodrov,stemmiest,Evelia,Sauceda,esauceda,parkways
Engineer,"OU=Employees,OU=Engineer,",Ping,Hsieh,phsieh,warranty,Luca,Buckley,lbuckley,sozzled,Magnolia,Compagnon,mcompagnon,galbanum,Marina,Moench,mmoench,dewaters,Rikako,Tagami,rtagami,ponytails,Casimiro,Arcuri,lpanicucci,subsere,Marianne,Voronina,mvoronina,apophyses,Koko,Escobedo,kescobedo,dicastic
Engineer,"OU=Employees,OU=Engineer,",Park,Tao,ptao,pneumas,Logan,Hart,lhart,chromos,Loyal,Garcia,lgarcia,gurging,Marcel,Werfel,mwerfel,metallike,Ria,Hayakawa,rhayakawa,tubulure,Angela,Piccio,ludinesi,overhold,Makar,Nevzorov,mnevzorov,assassin,Joyce,Ruiz,jruiz,unensured
Engineer,"OU=Employees,OU=Engineer,",Xiaoming,Chu,xchu,gambado,Robert,Mellor,rmellor,arbalists,Rene,Proulx,rproulx,synergist,Sophia,Schulz,sschulz,sharpie,Tomo,Shirakawa,tshirakawa,aroynts,Bertoldo,Rossi,rmonaldo,wagered,Stanislav,Polyakov,spolyakov,voleries,Rainero,Cepeda,rcepeda,reexports
Engineer,"OU=Employees,OU=Engineer,",Yuan,Chien,ychien,exciple,Tyler,Simpson,tsimpson,braciolas,Vachel,Lessard,vlessard,careening,Torsten,Kuefer,tkuefer,hamperers,Youhei,Tominaga,ytominaga,emdashes,Massimo,Lorenzo,vbergamaschi,hoppers,Vladislav,Bogolyubov,vbogolyubov,coiffeurs,Walda,Sedillo,wsedillo,decamped
Engineer,"OU=Employees,OU=Engineer,",Cai,Chang,cchang,oncidiums,Alexander,Clark,aclark,blatted,Amaury,Marleau,amarleau,muskroot,Anke,Hartmann,ahartmann,ruggedize,Chiaki,Takayama,ctakayama,delicate,Iacopo,Trevisani,apadovano,searches,Anastasia,Uspenskaya,auspenskaya,tableful,Ales,Nevarez,anevarez,oilcups
Engineer,"OU=Employees,OU=Engineer,",Feng,Chen,fchen,fellness,Declan,Webster,dwebster,discerned,Camille,Tessier,ctessier,postpaid,Daniela,Kuefer,dkuefer,drawshave,Hoshiyo,Asano,hasano,informers,Alarico,Marino,cgreece,remittal,Dementi,Mishin,dmishin,clambers,Camelia,Sedillo,csedillo,organized
Engineer,"OU=Employees,OU=Engineer,",Chyou,Chiu,cchiu,tomogram,Brooke,Khan,bkhan,kyboshed,Babette,Sorel,bsorel,redamaged,Bernd,Mueller,bmueller,policies,Gyousei,Iwamoto,giwamoto,bleakly,Adolfo,Russo,acalabrese,amberjack,Capitolina,Izmailova,cizmailova,dynamics,Arlynda,Regalado,aregalado,rackwork
Engineer,"OU=Employees,OU=Engineer,",Qiao,Chia,qchia,nonruling,Lucas,Jenkins,ljenkins,hessonite,Margaux,Dastous,mdastous,plumages,Markus,Hertzog,mhertzog,reejected,Ritsuki,Kokura,rkokura,allelic,Bruto,Zetticci,lmilani,coriander,Matthew,Bocharov,mbocharov,prestress,Laureana,Guajardo,lguajardo,coolness
Engineer,"OU=Employees,OU=Engineer,",Hua,Lu,hlu,dermoid,Freddie,Norris,fnorris,paragoge,Didiane,Goddu,dgoddu,viburnum,Jan,Freeh,jfreeh,vestries,Katsuma,Nagashima,knagashima,kernelly,Stefania,Mancini,dferrari,illites,Felix,Ozerov,fozerov,phosgenes,Deolinda,Tirado,dtirado,borings
Engineer,"OU=Employees,OU=Engineer,",Wen,Hsieh,whsieh,unbobbed,Paige,Parkin,pparkin,bitsier,Peverell,Bergeron,pbergeron,catchers,Sandra,Neudorf,sneudorf,handiness,Takefumi,Miyake,tmiyake,pashing,Debora,Pugliesi,pgiordano,turndown,Samson,Tokaryev,stokaryev,propjets,Ovidio,Alcala,oalcala,densities
Engineer,"OU=Employees,OU=Engineer,",Park,Ting,pting,vamooses,Lola,Burns,lburns,aediles,Lundy,Boncoeur,lboncoeur,chitins,Maria,Nacht,mnacht,coshered,Rieka,Araki,raraki,realtor,Dino,Lori,lmonaldo,candlepin,Marat,Kovalyov,mkovalyov,overalls,Kemal,Sanches,ksanches,sodaless
Engineer,"OU=Employees,OU=Engineer,",Wen,Tai,wtai,wholism,Peter,Andrews,pandrews,wordplay,Phillipa,Lanteigne,planteigne,beggaries,Sara,Friedmann,sfriedmann,vesicular,Takeshi,Imamura,timamura,yahrzeits,Tecla,Marcelo,pfolliero,priming,Savely,Baryshnikov,sbaryshnikov,bolsters,Pamela,Quintana,pquintana,penumbra
Engineer,"OU=Employees,OU=Engineer,",Liang,Tao,ltao,statistic,Jonathan,Metcalfe,jmetcalfe,beebees,Gustave,Lesperance,glesperance,veiledly,Lea,Fuchs,lfuchs,thronging,Mayo,Tanaka,mtanaka,hotches,Elvio,Monaldo,gmilani,insetters,Joseph,Tretyakov,jtretyakov,nominated,Gulmen,Mena,gmena,stretches
Engineer,"OU=Employees,OU=Engineer,",Yul,Tao,ytao,bottomer,William,Sharpe,wsharpe,astomous,Vignette,Coudert,vcoudert,midsoles,Ursula,Wurfel,uwurfel,treating,Yukana,Takenaka,ytakenaka,sounding,Letteria,Napolitano,vlombardi,predries,Yegor,Bocharov,ybocharov,museums,Yamel,Gurule,ygurule,virally
Engineer,"OU=Employees,OU=Engineer,",Meng,Shen,mshen,genteelly,Kyle,Ali,kali,ciliately,Julie,Cyr,jcyr,dripstone,Lucas,Baumgaertner,lbaumgaertner,crescendi,Motoshi,Eguchi,meguchi,baptizing,Salvo,Moretti,iesposito,quarterly,Leonid,Yefremov,lyefremov,granary,Iguazel,Bueno,ibueno,tritium
Engineer,"OU=Employees,OU=Engineer,",Ho,Sun,hsun,boneblack,Faith,Leonard,fleonard,kirtled,Dalmace,Laisne,dlaisne,epithets,Frank,Loewe,floewe,antlions,Kahori,Oikawa,koikawa,turmeric,Beatrice,Trevisani,dfanucci,avarice,Euphrosyne,Aliyeva,ealiyeva,dadaists,Cuasimodo,Zapata,czapata,paucity
Researcher Head,"OU=Managerial,OU=Heads,",Qian,Hsueh,qhsueh,candela,Luca,Gibson,lgibson,deserves,Marc,Moquin,mmoquin,reapers,Markus,Beich,mbeich,antivirus,Rimi,Yamane,ryamane,camorras,Alina,Toscano,lonio,relaxes,Marina,Yermakova,myermakova,cloacae,Ladolfo,Molina,lmolina,unmuzzles
Researcher Head,"OU=Managerial,OU=Heads,",Hong,Ma,hma,corvids,Finlay,Joyce,fjoyce,ferrels,Darcy,Henrichon,dhenrichon,fugacious,Franziska,Baecker,fbaecker,seacoasts,Kaikou,Saiki,ksaiki,pseudos,Brigida,Toscano,dudinesi,colonies,Evdokia,Bodrova,ebodrova,slobbery,Dafne,Cortes,dcortes,bullish
Researcher,"OU=Employees,OU=Researcher,",Peng,Lu,plu,mutually,Louis,Hicks,lhicks,fielding,Lundy,Trottier,ltrottier,vergers,Maria,Ostermann,mostermann,distender,Rieka,Shirai,rshirai,spiriting,Jolanda,Trevisano,lnapolitano,raciest,March,Aliyeva,maliyeva,curfews,Kenji,Casillas,kcasillas,rompish
Researcher,"OU=Employees,OU=Researcher,",Wei,Ke,wke,lapises,Owen,Simmons,osimmons,flossier,Perrin,Chastain,pchastain,lithiums,Sandra,Daecher,sdaecher,gardens,Takamichi,Aoki,taoki,meanness,Germana,Cocci,ppugliesi,visorless,Ruth,Bazarova,rbazarova,rhodamine,Osman,Gaona,ogaona,kingposts
Researcher,"OU=Employees,OU=Researcher,",Lian,Shao,lshao,vacates,Joel,Benson,jbenson,frondeur,Gradasso,Frechette,gfrechette,minefield,Kristin,Eiffel,keiffel,hiplines,Masao,Ninomiya,mninomiya,landscape,Pasqualina,Pugliesi,gnapolitani,artefact,Jaroslav,Woronoff,jworonoff,collaring,Gregoria,Perez,gperez,piscinas
Researcher,"OU=Employees,OU=Researcher,",Chow,Shao,cshao,tumescing,Bradley,ODonnell,bodonnell,uprootal,Audric,Demers,ademers,divinized,Benjamin,Gaertner,bgaertner,unsated,Gaku,Takeshita,gtakeshita,bawdries,Adelmo,Lombardi,atrevisano,created,Bronislaw,Kalinina,bkalinina,navigate,Aquilesia,Brito,abrito,unwrinkle
Researcher,"OU=Employees,OU=Researcher,",Yuan,Tung,ytung,lopstick,William,Macdonald,wmacdonald,ouistitis,Verrill,Levasseur,vlevasseur,pincher,Ursula,Furst,ufurst,speedway,Yuji,Butou,ybutou,pyrethrin,Pupetta,Milanesi,vcremonesi,notations,Yaropolk,Degtyarev,ydegtyarev,thresher,Yaguati,Montero,ymontero,dopesheet
Researcher,"OU=Employees,OU=Researcher,",Tao,Chin,tchin,motivator,Nathan,Conway,nconway,pterosaur,Paien,Dubois,pdubois,passives,Petra,Meier,pmeier,intercept,Shizuya,Takeshita,stakeshita,submittal,Antonietta,Milano,oschiavone,traiked,Rafik,Degtyarev,rdegtyarev,sensible,Nasya,Carranza,ncarranza,unfledged
Researcher,"OU=Employees,OU=Researcher,",Wei,Chin,wchin,playsuits,Oscar,Kaur,okaur,sandhis,Pensee,LaCaille,placaille,lysogen,Sabrina,Hertzog,shertzog,pastina,Takamasa,Furuta,tfuruta,mayhems,Licia,Marchesi,pmanfrin,posttax,Rufus,Tikhonova,rtikhonova,earring,Onelia,Melgar,omelgar,remotest
Researcher,"OU=Employees,OU=Researcher,",Feng,Lu,flu,backsaw,Edward,Savage,esavage,resters,Caresse,Lachapelle,clachapelle,cyclonic,Dennis,Metzger,dmetzger,bechalks,Ichiei,Suga,isuga,accents,Edgardo,Esposito,cbaresi,alibiing,Dmitry,Anisimov,danisimov,shellfish,Carisa,Vela,cvela,assists
Researcher,"OU=Employees,OU=Researcher,",Lan,Chiu,lchiu,autobahns,Jacob,Holden,jholden,expects,Fifine,Daviau,fdaviau,quietened,Kathrin,Frei,kfrei,paramour,Kouhei,Hakugi,khakugi,flirters,Leda,Nucci,florenzo,eglatere,Ildar,Bogdanov,ibogdanov,pledged,Favian,Quintana,fquintana,skidway
Researcher,"OU=Employees,OU=Researcher,",Huan,Kang,hkang,fetchers,Freya,Payne,fpayne,runtishly,Didiane,Quirion,dquirion,sequelize,Jana,Adler,jadler,cowbanes,Katsuto,Hanada,khanada,gestalt,Andrea,Barese,dcalabrese,bethumps,Felix,Pirogov,fpirogov,reseeks,Domiciano,Ramos,dramos,meeters
Researcher,"OU=Employees,OU=Researcher,",Chan,Tsai,ctsai,partita,Amelia,Miles,amiles,stooker,Archard,Charest,acharest,robotry,Anne,Trommler,atrommler,prothorax,Chuu,Koike,ckoike,corrects,Alberta,Marchesi,alifonti,rhetorics,Arkhip,Lazarev,alazarev,osculated,Amantzi,Otero,aotero,energies
Researcher,"OU=Employees,OU=Researcher,",Qing,Yu,qyu,bullhead,Madeleine,Kirby,mkirby,thyrsus,Martin,Binet,mbinet,seafood,Martina,Ebersbacher,mebersbacher,outcursed,Sachiya,Heida,sheida,pantyhose,Fiorello,Zito,ltoscani,kerneled,Mitrofan,Ermakov,mermakov,clerkdom,Liliana,Ornelas,lornelas,potzers
Researcher,"OU=Employees,OU=Researcher,",Heng,Wan,hwan,seabird,Ewan,Mann,emann,snaggiest,Corinne,Dennis,cdennis,misplays,Felix,Schneider,fschneider,piosity,Kae,Hakui,khakui,sundials,Ada,Manna,clucchesi,beachboys,Eric,Vagin,evagin,growler,Cristel,Alanis,calanis,headline
Researcher,"OU=Employees,OU=Researcher,",Sying,Hu,shu,phreaker,Muhammad,Dawson,mdawson,ogresses,Orlene,Routhier,orouthier,dividing,Paul,Weber,pweber,piassabas,Shizuho,Oikawa,soikawa,colostral,Marianna,Milani,nbruno,loggers,Proclus,Seleznyov,pseleznyov,saddlebag,Nahuel,Matias,nmatias,baldness
Researcher,"OU=Employees,OU=Researcher,",Lei,Ke,lke,monogamic,Jasmine,Walsh,jwalsh,frivoled,Gaetan,Demers,gdemers,hyacinth,Kevin,Scholz,kscholz,sploshes,Mahito,Mukai,mmukai,pancaking,Geremia,Napolitani,fcalabresi,maiasaur,Isaiah,Balashov,ibalashov,concerned,Gaspard,Oquendo,goquendo,gonadic
Researcher,"OU=Employees,OU=Researcher,",Dai,Yu,dyu,huisache,Charlotte,Berry,cberry,aliasing,Belle,Vaillancourt,bvaillancourt,alcoved,Christian,Eberhart,ceberhart,bumpiness,Hatsune,Hamaguchi,hhamaguchi,limuloids,Frida,Palermo,bpugliesi,cistronic,Christopher,Aksenov,caksenov,yappers,Aurele,Aviles,aaviles,occasions
Researcher,"OU=Employees,OU=Researcher,",Shaiming,Teng,steng,precisely,Megan,Butcher,mbutcher,oversoon,Merlin,Jalbert,mjalbert,gazogenes,Melanie,Berg,mberg,scuttered,Sanae,Okumura,sokumura,gunmetal,Aldo,Longo,mmancini,workman,Natella,Komarova,nkomarova,preshown,Lorenz,Fonseca,lfonseca,guzzler
Researcher,"OU=Employees,OU=Researcher,",Chi,Chien,cchien,couteau,Bailey,Randall,brandall,paughty,Aubin,Plourde,aplourde,deleaved,Barbara,Fried,bfried,obelizing,Fujiko,Kumatani,fkumatani,blackouts,Petronio,Angelo,aromano,preggers,Bogdan,Artemiev,bartemiev,lutfisks,Anibal,Garrido,agarrido,stupidest
Researcher,"OU=Employees,OU=Researcher,",Jie,Yuan,jyuan,balsams,Harriet,Brennan,hbrennan,polygamy,Elise,Gingras,egingras,celomata,Jessica,Baier,jbaier,hamboning,Keiko,Kasahara,kkasahara,silanes,Francesco,Sal,efiorentino,exigible,George,Izmailov,gizmailov,hybridist,Ellen,Elizondo,eelizondo,restress
Researcher,"OU=Employees,OU=Researcher,",Ying,Lu,ylu,araneidan,Summer,Richards,srichards,overact,Thomas,Descoteaux,tdescoteaux,zeitgeist,Thomas,Kastner,tkastner,generals,Yasutoshi,Saito,ysaito,diluting,Cataldo,Zito,tbellucci,patients,Valentine,Vasin,vvasin,roystered,Valda,Guardado,vguardado,erosely
Researcher,"OU=Employees,OU=Researcher,",Kang,Hsu,khsu,smoother,Holly,Daniels,hdaniels,scribble,Falerina,Allaire,fallaire,horstes,Karin,Koertig,kkoertig,hazarded,Kiyoka,Komeda,kkomeda,gainsays,Berardo,Greco,fmazzanti,thickness,Hope,Avdeyeva,havdeyeva,bismuth,Eulogius,Aviles,eaviles,proustite
Researcher,"OU=Employees,OU=Researcher,",Lili,Hao,lhao,vicarious,Joseph,Davidson,jdavidson,retorting,Henry,Bois,hbois,duplicate,Leah,Decker,ldecker,semesters,Mayuki,Yano,myano,briskets,Frediana,Calabresi,gfiorentini,gazetteer,Julian,Pokrovskii,jpokrovskii,voyages,Haydee,Rodriguez,hrodriguez,zincified
Researcher,"OU=Employees,OU=Researcher,",Qiong,Ting,qting,jurymen,Maisie,Gibson,mgibson,dipnets,Mason,Quessy,mquessy,twirliest,Matthias,Bar,mbar,fugitives,Sadayo,Sakai,ssakai,misedited,Fausta,Lori,mbuccho,doorknobs,Moses,Balabanov,mbalabanov,prosiest,Lisandra,Zepeda,lzepeda,gannets
Researcher,"OU=Employees,OU=Researcher,",Bo,Ting,bting,unsayable,Alex,Sutton,asutton,overblew,Amabella,Houde,ahoude,humping,Anke,Dreher,adreher,presumer,Chiaki,Kanazawa,ckanazawa,prismoids,Napoleone,Longo,alongo,ferreous,Anastasia,Bogolyubova,abogolyubova,minicabs,Alejandrino,Carbajal,acarbajal,misdirect
Researcher,"OU=Employees,OU=Researcher,",Xiu,Jen,xjen,gardenias,Samantha,Weston,sweston,nephritic,Roland,Berthelette,rberthelette,glunched,Stefanie,Eichmann,seichmann,dampeners,Toshimi,Matsushima,tmatsushima,ambushed,Giselda,Fanucci,rlongo,suffices,Taras,Golubov,tgolubov,alleyways,Rosalie,Armenta,rarmenta,studworks
Researcher,"OU=Employees,OU=Researcher,",Cai,Kuo,ckuo,reaving,Alexander,North,anorth,sexually,Ambra,Lereau,alereau,pugarees,Anke,Oster,aoster,ciphonies,Chiharu,Fukuoka,cfukuoka,brassica,Dina,Conti,apugliesi,aeonian,Andrew,Degtyaryov,adegtyaryov,speiled,Alfeo,Florez,aflorez,locoisms
Researcher,"OU=Employees,OU=Researcher,",Sun,She,sshe,stunners,Morgan,Lloyd,mlloyd,unseeded,Oriel,Souplet,osouplet,endogamy,Paul,Koenig,pkoenig,topcoat,Shinki,Kasahara,skasahara,demotists,Fiammetta,Piccio,nbuccho,coinfect,Pimen,Bogolyubov,pbogolyubov,embolism,Miguelina,Collado,mcollado,kirmesses
Researcher,"OU=Employees,OU=Researcher,",Sheng,Peng,speng,justiciar,Millie,Thomson,mthomson,debaucher,Nicole,Meunier,nmeunier,griddles,Monika,Neustadt,mneustadt,capsicin,Sayoka,Kitahara,skitahara,hiccuping,Ivana,Manna,mmanfrin,strobilus,Oleg,Krylov,okrylov,praisers,Marciano,Delgado,mdelgado,dioxides
Researcher,"OU=Employees,OU=Researcher,",Heng,Lin,hlin,snuffiest,Eve,Brookes,ebrookes,bisection,Constance,Charpie,ccharpie,leathern,Felix,Mahler,fmahler,pinocle,Junya,Niita,jniita,usually,Elisa,Lucchesi,cendrizzi,frustule,Eric,Ibragimova,eibragimova,mousepads,Crisoforo,Fonseca,cfonseca,coacting
Researcher,"OU=Employees,OU=Researcher,",Zhen,Lei,zlei,shamming,Yasmin,Bowen,ybowen,jemmied,Viollette,Carriere,vcarriere,ensnare,Uta,Sanger,usanger,pectoral,Yukihito,Komori,ykomori,centrical,Cristoforo,Lucchesi,vmarchesi,wastries,Yuri,Alexeieva,yalexeieva,disrupts,Yeray,Cordova,ycordova,bloodlust
Researcher,"OU=Employees,OU=Researcher,",Guo,Lai,glai,chirpers,Erin,Collier,ecollier,intituled,Clemence,Belisle,cbelisle,untried,Felix,Bader,fbader,borders,Jiyuu,Shirai,jshirai,curatives,Bonifacio,Giordano,cbergamaschi,epimers,Elizabeth,Alekseeva,ealekseeva,colobus,Claro,Briones,cbriones,toolroom
Researcher,"OU=Employees,OU=Researcher,",An,Chia,achia,explosive,Aaron,Donnelly,adonnelly,fourteens,Adorlee,Montminy,amontminy,alienly,Andrea,Beike,abeike,crissum,Akae,Okuta,aokuta,unabating,Emidio,Fiorentini,alucciano,barytons,Ahmed,Ponomaryov,aponomaryov,dirndls,Acacio,Alcala,aalcala,syphering
Researcher,"OU=Employees,OU=Researcher,",Xiu,Hsing,xhsing,gluttony,Samantha,Savage,ssavage,rattails,Robert,Pomerleau,rpomerleau,allantois,Stefan,Bergmann,sbergmann,sudsier,Toshihisa,Takeshita,ttakeshita,anthodium,Ortensia,Piazza,rlombardo,tactfully,Taras,Bobrov,tbobrov,placidity,Romildo,Trejo,rtrejo,intending
Researcher,"OU=Employees,OU=Researcher,",Xiong,Hung,xhung,blackhead,Ruby,Dawson,rdawson,paviors,Richard,Rodrigue,rrodrigue,contrite,Sophia,Werfel,swerfel,funplexes,Tomoya,Oomori,toomori,heedless,Pasqualina,Colombo,rcapon,saltant,Svetlana,Glebova,sglebova,blotters,Regis,Concepcion,rconcepcion,planing
Researcher,"OU=Employees,OU=Researcher,",You,Tien,ytien,dispose,Tyler,Lawrence,tlawrence,seemings,Vachel,Garnier,vgarnier,wallaroo,Torsten,Keller,tkeller,directing,Yoshiya,Koike,ykoike,scootches,Marilena,Onio,vromano,recession,Vladislav,Averyanov,vaveryanov,gorblimy,Vitalia,Valdes,vvaldes,preworked
Researcher,"OU=Employees,OU=Researcher,",Qiao,Chu,qchu,tallish,Luke,Hancock,lhancock,acrasin,Mariette,Neufville,mneufville,subabbot,Martin,Feierabend,mfeierabend,plumage,Rumika,Umeta,rumeta,lakebeds,Edilio,Udinesi,lmanna,bijection,Michael,Voronkov,mvoronkov,endosarc,Lazzaro,Baez,lbaez,pummelos
Researcher,"OU=Employees,OU=Researcher,",Mingmei,He,mhe,convoying,Kyle,Duffy,kduffy,assembled,Juliette,Doiron,jdoiron,gummoses,Lucas,Zimmermann,lzimmermann,babysat,Naho,Matsuno,nmatsuno,mahjonggs,Boris,Monaldo,imarcelo,lipomas,Leonti,Balabanov,lbalabanov,ballsier,Ilda,Ayala,iayala,tegmina
Researcher,"OU=Employees,OU=Researcher,",Guo,Wei,gwei,adenoses,Ethan,Holloway,eholloway,ethnarch,Clovis,Asselin,casselin,spamming,Felix,Eichelberger,feichelberger,sweeping,Jougo,Samurakami,jsamurakami,drachms,Piero,Folliero,cmazzanti,pervade,Emil,Sidorov,esidorov,stubbiest,Climene,Giron,cgiron,upheaping
Researcher,"OU=Employees,OU=Researcher,",Jin,Cheng,jcheng,riffled,Harriet,Evans,hevans,womaned,Elita,Faubert,efaubert,gauntness,Jessica,Eggers,jeggers,criminal,Keiya,Kai,kkai,dejects,Giulio,Romani,elucchesi,harbour,Golden,Alexandrova,galexandrova,heavers,Ellis,Olvera,eolvera,goiters
Researcher,"OU=Employees,OU=Researcher,",Bi,Tang,btang,deferring,Aimee,Hamilton,ahamilton,setbacks,Allyriane,Allard,aallard,pressgang,Anja,Faber,afaber,dumpcart,Ayami,Shirakawa,ashirakawa,enchains,Gioacchino,Milani,afiorentini,pachinkos,Alice,Sukhorukova,asukhorukova,caddies,Aime,Collazo,acollazo,umbellet
Researcher,"OU=Employees,OU=Researcher,",Tain,Pan,tpan,laureled,Naomi,Wood,nwood,hellers,Orville,Lafond,olafond,outcome,Peter,Rothschild,prothschild,tyrannic,Shizuko,Hidaka,shidaka,treaters,Gerardino,Palermo,nnucci,bloodline,Rachel,Panina,rpanina,tolarjev,Naim,Sierra,nsierra,honkies
Researcher,"OU=Employees,OU=Researcher,",Na,Chen,nchen,descanter,Lauren,Chan,lchan,outdraws,Kari,Paimboeuf,kpaimboeuf,fairyland,Lukas,Gloeckner,lgloeckner,abundance,Naota,Hayashi,nhayashi,authorize,Enzo,Trevisano,imonaldo,entombed,Leopold,Bogolyubov,lbogolyubov,muscadet,Iva,Muniz,imuniz,spitballs
Researcher,"OU=Employees,OU=Researcher,",Ye,Hao,yhao,diazins,Sienna,Read,sread,outthrob,Slainie,Bellemare,sbellemare,goosing,Stephanie,Schmitz,sschmitz,crannog,Umito,Okamoto,uokamoto,steamier,Donata,Arcuri,sudinese,creature,Timur,Istomin,tistomin,disband,Sotero,Alarcon,salarcon,wrastling
Researcher,"OU=Employees,OU=Researcher,",Lin,Kung,lkung,examines,Josh,Kaur,jkaur,imagined,Holly,Parenteau,hparenteau,leathers,Lena,Eisenhower,leisenhower,marooning,Michisato,Ojima,mojima,graphite,Beniamino,Trentino,gromani,schooling,Julius,Bobrov,jbobrov,semillons,Hilde,Guerrero,hguerrero,rehemmed
Researcher,"OU=Employees,OU=Researcher,",Hui,Fang,hfang,checkout,Gabriel,Connolly,gconnolly,kennelled,Dielle,Carignan,dcarignan,archival,Jana,Bergmann,jbergmann,vitalised,Kayoko,Matsuo,kmatsuo,viremic,Mirella,Ferrari,dbarese,imblazes,Flora,Isayeva,fisayeva,ammonoid,Domicio,Samaniego,dsamaniego,hickies
Researcher,"OU=Employees,OU=Researcher,",Feng,Ku,fku,munster,Dylan,Hutchinson,dhutchinson,indocile,Cammile,Saucier,csaucier,preacher,Dennis,Gartner,dgartner,augural,Hyougo,Shirakawa,hshirakawa,outquote,Fedra,Pugliesi,ccastiglione,ginners,Dinar,Kazantseva,dkazantseva,enwheel,Camila,Galindo,cgalindo,corklike
Researcher,"OU=Employees,OU=Researcher,",You,Mao,ymao,musettes,Toby,Cooper,tcooper,glamorise,Tyson,Plourde,tplourde,nonexotic,Torsten,Eggers,teggers,tearier,Yoshio,Sugano,ysugano,seamster,Frediana,Nucci,vpalermo,moonbeams,Vlad,Muravyov,vmuravyov,swathed,Virna,Narvaez,vnarvaez,battening
Researcher,"OU=Employees,OU=Researcher,",Zhu,Hu,zhu,abandoner,Zak,Pugh,zpugh,characin,Yvon,Gamelin,ygamelin,passovers,Vanessa,Wirth,vwirth,infidels,Yurina,Kitakawa,ykitakawa,mimeoed,Antonina,Calabresi,vmanna,monadism,Zara,Abakumova,zabakumova,nilghai,Zair,Miranda,zmiranda,suspects
